Egap,Egap_type,aflow_prototype_params_list_relax,aflow_prototype_params_values_relax,auid,aurl,compound,spinD,spin_atom,valence_cell_iupac
0.1191,insulator-direct,"a,x4","10.7535,0.412346",aflow:02b83be6fa45621f,aflowlib.duke.edu:AFLOWDATA/ICSD_WEB/FCC/Eu2O7Sn2_ICSD_165931,Eu4O14Sn4,"6.255,6.255,6.277,6.232,-0.064,-0.064,-0.067,-0.066,-0.063,-0.063,-0.066,-0.067,-0.064,-0.064,-0.063,-0.063,-0.181,-0.181,0,0,0,0.001",1.09092,56
2.2263,insulator-direct,"a,x4","10.615,0.408404",aflow:03cafe802be14a86,aflowlib.duke.edu:AFLOWDATA/ICSD_WEB/FCC/O7Sn2Tb2_ICSD_159789,O14Sn4Tb4,"0,0,0,0,0,0,0,0,0,0,0,0,0,0,0,0,0,0,0,0,0,0",0,60
0,metal,"a,x4","10.8226,0.363095",aflow:062a523c2f69593e,aflowlib.duke.edu:AFLOWDATA/ICSD_WEB/FCC/La2O7Zr2_ICSD_184090,La4O14Zr4,"0,0,0,0,0,0,0,0,0,0,0,0,0,0,0,0,0,0,0,0,0,0",0,56
0,metal,"a,x4","10.4531,0.817257",aflow:0772a1c8b599cae6,aflowlib.duke.edu:AFLOWDATA/ICSD_WEB/FCC/Hg2O7Os2_ICSD_159800,Hg4O14Os4,"0.048,0.051,0.048,0.046,0.163,0.147,0.183,0.183,0.161,0.178,0.183,0.183,0.147,0.163,0.161,0.178,0.165,0.165,2.194,2.167,2.195,2.219",0.53022,76
6.0946,insulator-indirect,"a,x3,x4","12.6758,0.784033,0.73059",aflow:078ec14056edbac6,aflowlib.duke.edu:AFLOWDATA/ICSD_WEB/FCC/C4K2N4Zn1_ICSD_23993,C8K4N8Zn2,"0,0,0,0,0,0,0,0,0,0,0,0,0,0,0,0,0,0,0,0,0,0",0,80
2.0808,insulator-indirect,"a,x4","10.5101,0.432883",aflow:09ff0d09d272bd58,aflowlib.duke.edu:AFLOWDATA/ICSD_WEB/FCC/Cd2Nb2O7_ICSD_75602,Cd4Nb4O14,"0,0,0,0,0,0,0,0,0,0,0,0,0,0,0,0,0,0,0,0,0,0",0,56
0.1091,insulator-direct,"a,x4","10.7593,0.412651",aflow:0b10e0843fba0a6d,aflowlib.duke.edu:AFLOWDATA/ICSD_WEB/FCC/Eu2O7Sn2_ICSD_84754,Eu4O14Sn4,"6.257,6.257,6.28,6.234,-0.067,-0.067,-0.065,-0.065,-0.063,-0.063,-0.065,-0.065,-0.067,-0.067,-0.063,-0.063,-0.181,-0.181,0,0,0,0.001",1.09084,56
0.9107,insulator-indirect,"a,x4","9.9871,0.831675",aflow:0d1208a0e9f34861,aflowlib.duke.edu:AFLOWDATA/ICSD_WEB/FCC/Er2Mn2O7_ICSD_202517,Er4Mn4O14,"0.044,0.043,0.043,0.041,3.245,3.247,3.248,3.25,-0.008,-0.008,-0.095,-0.095,-0.102,-0.106,-0.097,-0.101,-0.106,-0.102,-0.095,-0.095,-0.097,-0.101",0.545491,68
0.422,insulator-indirect,"a,x4","10.5206,0.421238",aflow:0e516a9b5a44c7c6,aflowlib.duke.edu:AFLOWDATA/ICSD_WEB/FCC/O7Pr2Ru2_ICSD_78123,O14Pr4Ru4,"0.075,0.074,0.063,0.076,0.057,0.069,0.076,0.063,0.074,0.075,0.057,0.069,-0.032,-0.032,2.005,2.006,2.006,2.006,1.666,1.678,1.678,1.69",0.727256,76
2.0896,insulator-direct,"a,x4","10.9692,0.833368",aflow:0e780d73b1b4da8f,aflowlib.duke.edu:AFLOWDATA/ICSD_WEB/FCC/La2O7Sn2_ICSD_82956,La4O14Sn4,"0,0,0,0,0,0,0,0,0,0,0,0,0,0,0,0,0,0,0,0,0,0",0,56
1.6339,insulator-indirect,"a,x4","10.7416,0.437266",aflow:10a6f530f72927cb,aflowlib.duke.edu:AFLOWDATA/ICSD_WEB/FCC/O7Sn2Ta2_ICSD_27119,O14Sn4Ta4,"0,0,0,0,0,0,0,0,0,0,0,0,0,0,0,0,0,0,0,0,0,0",0,64
0,metal,"a,x4","10.8233,0.886918",aflow:114c41b16be2e44f,aflowlib.duke.edu:AFLOWDATA/ICSD_WEB/FCC/La2O7Zr2_ICSD_184091,La4O14Zr4,"0,0,0,0,0,0,0,0,0,0,0,0,0,0,0,0,0,0,0,0,0,0",0,56
4.4659,insulator-direct,"a,x4","10.8637,0.421529",aflow:11c9372b0f238e69,aflowlib.duke.edu:AFLOWDATA/ICSD_WEB/FCC/Hf2La2O7_ICSD_236209,Hf4La4O14,"0,0,0,0,0,0,0,0,0,0,0,0,0,0,0,0,0,0,0,0,0,0",0,56
1.7737,insulator-direct,"a,x4","10.5348,0.817043",aflow:11506721a61caf80,aflowlib.duke.edu:AFLOWDATA/ICSD_WEB/FCC/Ca2Nb2O7_ICSD_72206,Ca4Nb4O14,"0,0,0,0,0,0,0,0,0,0,0,0,0,0,0,0,0,0,0,0,0,0",0,56
0,metal,"a,x4","10.453,0.817262",aflow:121f0ee16c60c90a,aflowlib.duke.edu:AFLOWDATA/ICSD_WEB/FCC/Hg2O7Os2_ICSD_159804,Hg4O14Os4,"0.048,0.051,0.048,0.046,0.163,0.147,0.183,0.183,0.161,0.178,0.183,0.183,0.147,0.163,0.161,0.178,0.165,0.165,2.194,2.167,2.195,2.219",0.530222,76
2.1953,insulator-direct,"a,x4","10.563,0.843012",aflow:13ad7152ee2bada8,aflowlib.duke.edu:AFLOWDATA/ICSD_WEB/FCC/Ho2O7Sn2_ICSD_82961,Ho4O14Sn4,"0,0,0,0,0,0,0,0,0,0,0,0,0,0,0,0,0,0,0,0,0,0",0,56
0,half-metal,"a,x4","10.5024,0.419969",aflow:13424be793e4ee26,aflowlib.duke.edu:AFLOWDATA/ICSD_WEB/FCC/Bi2O7Ru2_ICSD_73787,Bi4O14Ru4,"0.054,0.04,0.047,0.047,0.072,0.08,0.057,0.065,0.09,0.09,0.065,0.057,0.08,0.072,0.09,0.09,0.018,0.018,1.651,1.629,1.641,1.64",0.363628,80
2.6269,insulator-indirect,"a,x4","10.8447,0.834962",aflow:140d3e2656d49b94,aflowlib.duke.edu:AFLOWDATA/ICSD_WEB/FCC/Bi2O7Sn2_ICSD_50311,Bi4O14Sn4,"0,0,0,0,0,0,0,0,0,0,0,0,0,0,0,0,0,0,0,0,0,0",0,64
3.7692,insulator-indirect,"a,x4","10.7365,0.418368",aflow:14d786d35c76cb0f,aflowlib.duke.edu:AFLOWDATA/ICSD_WEB/FCC/Hf2Nd2O7_ICSD_236210,Hf4Nd4O14,"-0.003,-0.003,-0.003,-0.003,2.968,2.967,2.968,2.968,-0.009,-0.009,-0.009,-0.009,-0.009,-0.009,-0.009,-0.009,-0.009,-0.009,-0.009,-0.009,-0.039,-0.039",0.545505,60
0,metal,"a,x4","10.4576,0.833735",aflow:148bf06809f995c0,aflowlib.duke.edu:AFLOWDATA/ICSD_WEB/FCC/Ca2F1O6Ta2_ICSD_50048,Ca4F2O12Ta4,"0.01,0.01,0.01,0.01,0.002,0.002,0.017,0.016,0.015,0.015,0.018,0.017,0.017,0.016,0.017,0.018,0.015,0.015,0.26,0.304,0.307,0.354",0.0902556,54
0.8473,insulator-indirect,"a,x4","10.0566,0.41755",aflow:15306e405a40d418,aflowlib.duke.edu:AFLOWDATA/ICSD_WEB/FCC/Er2O7V2_ICSD_160866,Er4O14V4,"0.006,0.008,0.007,0.007,-0.028,-0.028,-0.026,-0.026,-0.025,-0.025,-0.026,-0.026,-0.028,-0.028,-0.025,-0.025,0,0,1.042,1.031,1.037,1.037",0.181812,60
2.1716,insulator-direct,"a,x4","10.855,0.414142",aflow:151fad1cd73ac6ff,aflowlib.duke.edu:AFLOWDATA/ICSD_WEB/FCC/O7Pr2Sn2_ICSD_84744,O14Pr4Sn4,"-0.008,-0.007,-0.007,-0.007,-0.008,-0.008,-0.007,-0.007,-0.007,-0.008,-0.008,-0.008,-0.031,-0.031,1.987,1.987,1.987,1.987,0.001,0.001,0.001,0.001",0.363631,60
0,metal,"a,x4","10.3427,0.822018",aflow:15ae777e26b8ed99,aflowlib.duke.edu:AFLOWDATA/ICSD_WEB/FCC/Cd2O7Os2_ICSD_155771,Cd4O14Os4,"0.032,0.033,0.032,0.032,0.167,0.148,0.189,0.189,0.165,0.184,0.189,0.189,0.148,0.167,0.165,0.184,0.121,0.121,2.288,2.273,2.289,2.304",0.544937,68
3.2958,insulator-indirect,"a,x4","10.2515,0.419145",aflow:1a1f97538dbfcd5d,aflowlib.duke.edu:AFLOWDATA/ICSD_WEB/FCC/O7Tb2Ti2_ICSD_159782,O14Tb4Ti4,"0,0,0,0,0,0,0,0,0,0,0,0,0,0,0,0,0,0,0,0,0,0",0,60
2.9911,insulator-direct,"a,x4","10.8866,0.833166",aflow:1b18bb6ddec219e1,aflowlib.duke.edu:AFLOWDATA/ICSD_WEB/FCC/Ce2O7Zr2_ICSD_168600,Ce4O14Zr4,"0.975,0.974,0.975,0.975,-0.017,-0.017,-0.002,-0.003,-0.003,-0.003,-0.003,-0.002,-0.003,-0.003,-0.003,-0.002,-0.003,-0.002,-0.001,-0.001,-0.001,-0.001",0.18181,60
0,metal,"a,x4","10.4531,0.817257",aflow:1b8f86be95bc181e,aflowlib.duke.edu:AFLOWDATA/ICSD_WEB/FCC/Hg2O7Os2_ICSD_159797,Hg4O14Os4,"0.048,0.051,0.048,0.046,0.163,0.147,0.183,0.183,0.161,0.178,0.183,0.183,0.147,0.163,0.161,0.178,0.165,0.165,2.194,2.167,2.195,2.219",0.53022,76
2.1547,insulator-direct,"a,x4","10.6808,0.839982",aflow:1bd337a4b406d822,aflowlib.duke.edu:AFLOWDATA/ICSD_WEB/FCC/Gd2O7Sn2_ICSD_84753,Gd4O14Sn4,"7.009,7.011,7.011,7.013,-0.016,-0.016,-0.015,-0.015,-0.016,-0.016,-0.015,-0.015,-0.016,-0.016,-0.016,-0.016,-0.043,-0.043,-0.001,-0.001,-0.001,-0.001",1.27273,56
2.0812,insulator-indirect,"a,x4","10.509,0.432754",aflow:1cb434fbbae8abfa,aflowlib.duke.edu:AFLOWDATA/ICSD_WEB/FCC/Cd2Nb2O7_ICSD_9714,Cd4Nb4O14,"0,0,0,0,0,0,0,0,0,0,0,0,0,0,0,0,0,0,0,0,0,0",0,56
3.289,insulator-indirect,"a,x4","10.2423,0.830875",aflow:1df6f77ee78226a6,aflowlib.duke.edu:AFLOWDATA/ICSD_WEB/FCC/O7Ti2Y2_ICSD_15633,O14Ti4Y4,"0,0,0,0,0,0,0,0,0,0,0,0,0,0,0,0,0,0,0,0,0,0",0,56
0.9008,insulator-indirect,"a,x4","10.1665,0.831106",aflow:20c791ce08b3aaab,aflowlib.duke.edu:AFLOWDATA/ICSD_WEB/FCC/Co2O7Sb2_ICSD_247302,Co4O14Sb4,"2.817,2.818,2.817,2.816,0.024,0.023,0.023,0.023,0.023,0.024,0.023,0.023,0.023,0.024,0.023,0.024,0.088,0.088,0.002,0.002,0.002,0.002",0.545441,68
3.2266,insulator-indirect,"a,x4","10.5017,0.838027",aflow:213fbef41f8612df,aflowlib.duke.edu:AFLOWDATA/ICSD_WEB/FCC/Dy2Hf2O7_ICSD_162004,Dy4Hf4O14,"0,0,0,0,0,0,0,0,0,0,0,0,0,0,0,0,0,0,0,0,0,0",0,60
0,metal,"a,x4","10.3439,0.427989",aflow:22f5cb84ee0d48e7,aflowlib.duke.edu:AFLOWDATA/ICSD_WEB/FCC/Cd2O7Os2_ICSD_155765,Cd4O14Os4,"0.033,0.032,0.032,0.032,0.148,0.167,0.189,0.189,0.165,0.184,0.189,0.189,0.167,0.148,0.165,0.184,0.121,0.121,2.273,2.289,2.304,2.289",0.54494,68
0,half-metal,"a,x4","10.3749,0.819842",aflow:2244fd8fc6042b21,aflowlib.duke.edu:AFLOWDATA/ICSD_WEB/FCC/Cd2O7Re2_ICSD_28445,Cd4O14Re4,"0.023,0.021,0.019,0.021,0.024,0.01,0.062,0.062,0.044,0.029,0.062,0.062,0.01,0.024,0.044,0.029,0.017,0.017,1.883,1.842,1.801,1.845",0.363636,64
3.296,insulator-indirect,"a,x4","10.2514,0.419154",aflow:23120c71c0b95db2,aflowlib.duke.edu:AFLOWDATA/ICSD_WEB/FCC/O7Tb2Ti2_ICSD_159785,O14Tb4Ti4,"0,0,0,0,0,0,0,0,0,0,0,0,0,0,0,0,0,0,0,0,0,0",0,60
0.0816,insulator-direct,"a,x4","10.1389,0.83264",aflow:2351290d30c636b9,aflowlib.duke.edu:AFLOWDATA/ICSD_WEB/FCC/O7Ti2Yb2_ICSD_186196,O14Ti4Yb4,"-0.058,-0.058,-0.064,-0.065,-0.06,-0.06,-0.065,-0.064,-0.058,-0.058,-0.06,-0.06,-0.095,-0.095,0.009,0.009,0.008,0.008,-0.723,-0.744,-0.745,-0.767",-0.181462,56
3.8174,insulator-direct,"a,x4","10.9524,0.831232",aflow:230367ea2c50156c,aflowlib.duke.edu:AFLOWDATA/ICSD_WEB/FCC/La2O7Zr2_ICSD_154752,La4O14Zr4,"0,0,0,0,0,0,0,0,0,0,0,0,0,0,0,0,0,0,0,0,0,0",0,56
3.8182,insulator-direct,"a,x4","10.9503,0.418758",aflow:247bbd3ebc05c5d2,aflowlib.duke.edu:AFLOWDATA/ICSD_WEB/FCC/La2O7Zr2_ICSD_153222,La4O14Zr4,"0,0,0,0,0,0,0,0,0,0,0,0,0,0,0,0,0,0,0,0,0,0",0,56
2.1164,insulator-indirect,"a,x4","10.5356,0.817428",aflow:2507c8eba74d0028,aflowlib.duke.edu:AFLOWDATA/ICSD_WEB/FCC/Cd2O7Ta2_ICSD_77061,Cd4O14Ta4,"0,0,0,0,0,0,0,0,0,0,0,0,0,0,0,0,0,0,0,0,0,0",0,56
3.2951,insulator-indirect,"a,x4","10.2422,0.419285",aflow:263678ba745fc81c,aflowlib.duke.edu:AFLOWDATA/ICSD_WEB/FCC/O7Ti2Y2_ICSD_24206,O14Ti4Y4,"0,0,0,0,0,0,0,0,0,0,0,0,0,0,0,0,0,0,0,0,0,0",0,56
1.9621,insulator-indirect,"a,x4","10.2211,0.892333",aflow:27893b56ecab0821,aflowlib.duke.edu:AFLOWDATA/ICSD_WEB/FCC/Cd2Nb2O7_ICSD_33672,Cd4Nb4O14,"0,0,0,0,0,0,0,0,0,0,0,0,0,0,0,0,0,0,0,0,0,0",0,56
3.4291,insulator-direct,"a,x4","10.8361,0.415836",aflow:287347360975e3fa,aflowlib.duke.edu:AFLOWDATA/ICSD_WEB/FCC/O7Pr2Zr2_ICSD_150207,O14Pr4Zr4,"-0.007,-0.007,-0.007,-0.007,-0.007,-0.007,-0.007,-0.007,-0.007,-0.007,-0.007,-0.007,-0.032,-0.032,1.987,1.987,1.986,1.987,0,0,0,0",0.36356,60
1.9383,insulator-indirect,"a,x4","9.518,0.821494",aflow:2859f7f97921edc5,aflowlib.duke.edu:AFLOWDATA/ICSD_WEB/FCC/In2O7Si2_ICSD_1458,In4O14Si4,"0,0,0,0,0,0,0,0,0,0,0,0,0,0,0,0,0,0,0,0,0,0",0,56
3.1166,insulator-indirect,"a,x4","10.4824,0.838738",aflow:2abe19acdd8fcd02,aflowlib.duke.edu:AFLOWDATA/ICSD_WEB/FCC/Hf2Ho2O7_ICSD_162005,Hf4Ho4O14,"0,0,0,0,0,0,0,0,0,0,0,0,0,0,0,0,0,0,0,0,0,0",0,56
3.2925,insulator-indirect,"a,x4","10.2424,0.830772",aflow:2b22c02fd653163d,aflowlib.duke.edu:AFLOWDATA/ICSD_WEB/FCC/O7Ti2Y2_ICSD_42702,O14Ti4Y4,"0,0,0,0,0,0,0,0,0,0,0,0,0,0,0,0,0,0,0,0,0,0",0,56
2.2249,insulator-direct,"a,x4","10.6153,0.408392",aflow:2db3dbc9b38c36d7,aflowlib.duke.edu:AFLOWDATA/ICSD_WEB/FCC/O7Sn2Tb2_ICSD_159790,O14Sn4Tb4,"0,0,0,0,0,0,0,0,0,0,0,0,0,0,0,0,0,0,0,0,0,0",0,60
2.2508,insulator-direct,"a,x4","10.6037,0.408209",aflow:2e0f15e68d17a377,aflowlib.duke.edu:AFLOWDATA/ICSD_WEB/FCC/O7Sn2Y2_ICSD_84805,O14Sn4Y4,"0,0,0,0,0,0,0,0,0,0,0,0,0,0,0,0,0,0,0,0,0,0",0,56
0,half-metal,"a,x4","10.5,0.419893",aflow:2f1d5517583903d3,aflowlib.duke.edu:AFLOWDATA/ICSD_WEB/FCC/Bi2O7Ru2_ICSD_166567,Bi4O14Ru4,"0.047,0.04,0.047,0.054,0.057,0.065,0.09,0.09,0.08,0.072,0.09,0.09,0.065,0.057,0.08,0.072,0.018,0.018,1.641,1.629,1.639,1.65",0.363626,80
0,half-metal,"a,x4","10.3363,0.820449",aflow:30fa88014dbc0ad5,aflowlib.duke.edu:AFLOWDATA/ICSD_WEB/FCC/Cd2O7Tc2_ICSD_180008,Cd4O14Tc4,"0.015,0.014,0.016,0.017,0.011,-0.019,0.057,0.056,0.007,0.036,0.056,0.057,-0.019,0.011,0.007,0.036,-0.021,-0.021,1.809,1.78,1.812,1.84",0.363774,64
3.2888,insulator-indirect,"a,x4","10.2396,0.830948",aflow:31b61379d4fb0fc3,aflowlib.duke.edu:AFLOWDATA/ICSD_WEB/FCC/O7Ti2Y2_ICSD_93770,O14Ti4Y4,"0,0,0,0,0,0,0,0,0,0,0,0,0,0,0,0,0,0,0,0,0,0",0,56
0.5345,insulator-indirect,"a,x4","10.6183,0.813547",aflow:3194a3cbf41303b8,aflowlib.duke.edu:AFLOWDATA/ICSD_WEB/FCC/Hg2Nb2O7_ICSD_22226,Hg4Nb4O14,"0,0,0,0,0,0,0,0,0,0,0,0,0,0,0,0,0,0,0,0,0,0",0,64
2.0805,insulator-indirect,"a,x4","10.5105,0.817094",aflow:32b9e9ca9bb557c5,aflowlib.duke.edu:AFLOWDATA/ICSD_WEB/FCC/Cd2Nb2O7_ICSD_168998,Cd4Nb4O14,"0,0,0,0,0,0,0,0,0,0,0,0,0,0,0,0,0,0,0,0,0,0",0,56
3.3495,insulator-indirect,"a,x4","10.82,0.415362",aflow:34577a021bcc3bf6,aflowlib.duke.edu:AFLOWDATA/ICSD_WEB/FCC/Nd2O7Zr2_ICSD_62793,Nd4O14Zr4,"2.969,2.969,2.969,2.969,-0.041,-0.041,-0.01,-0.01,-0.01,-0.01,-0.01,-0.01,-0.01,-0.01,-0.01,-0.01,-0.01,-0.01,-0.002,-0.002,-0.002,-0.002",0.545393,60
3.2993,insulator-indirect,"a,x4","10.2516,0.419245",aflow:35df7b9dd18ee3cd,aflowlib.duke.edu:AFLOWDATA/ICSD_WEB/FCC/O7Tb2Ti2_ICSD_159784,O14Tb4Ti4,"0,0,0,0,0,0,0,0,0,0,0,0,0,0,0,0,0,0,0,0,0,0",0,60
0,metal,"a,x4","10.4521,0.432405",aflow:36c928c62270d974,aflowlib.duke.edu:AFLOWDATA/ICSD_WEB/FCC/Hg2O7Os2_ICSD_159802,Hg4O14Os4,"0.048,0.048,0.046,0.051,0.161,0.177,0.163,0.147,0.183,0.182,0.147,0.163,0.177,0.161,0.183,0.182,0.166,0.166,2.196,2.198,2.222,2.17",0.53054,76
0,metal,"a,x4","10.3439,0.822008",aflow:377b19b09bf04cd6,aflowlib.duke.edu:AFLOWDATA/ICSD_WEB/FCC/Cd2O7Os2_ICSD_155763,Cd4O14Os4,"0.032,0.032,0.032,0.033,0.189,0.189,0.167,0.148,0.184,0.165,0.148,0.167,0.189,0.189,0.184,0.165,0.121,0.121,2.304,2.289,2.289,2.273",0.544941,68
0.5163,insulator-indirect,"a,x4","10.5107,0.831809",aflow:3738d8faeea43080,aflowlib.duke.edu:AFLOWDATA/ICSD_WEB/FCC/Nd2O7Ru2_ICSD_78133,Nd4O14Ru4,"2.987,2.986,2.988,2.987,0.067,0.067,0.064,0.051,0.056,0.069,0.051,0.064,0.067,0.067,0.056,0.069,-0.041,-0.041,1.689,1.678,1.701,1.69",0.90913,76
2.0855,insulator-direct,"a,x4","10.9715,0.833341",aflow:39d6247fa8017e9a,aflowlib.duke.edu:AFLOWDATA/ICSD_WEB/FCC/La2O7Sn2_ICSD_167144,La4O14Sn4,"0,0,0,0,0,0,0,0,0,0,0,0,0,0,0,0,0,0,0,0,0,0",0,56
0,metal,"a,x4","10.4525,0.817264",aflow:3a61baf6dcbf9163,aflowlib.duke.edu:AFLOWDATA/ICSD_WEB/FCC/Hg2O7Os2_ICSD_159807,Hg4O14Os4,"0.051,0.048,0.048,0.046,0.183,0.183,0.161,0.178,0.147,0.163,0.178,0.161,0.183,0.183,0.147,0.163,0.165,0.165,2.167,2.195,2.194,2.219",0.530205,76
0.8556,insulator-indirect,"a,x4","10.054,0.419891",aflow:3a4a6876faf133b0,aflowlib.duke.edu:AFLOWDATA/ICSD_WEB/FCC/Mn2O7Y2_ICSD_202516,Mn4O14Y4,"3.259,3.261,3.258,3.259,-0.008,-0.008,-0.098,-0.098,-0.105,-0.109,-0.104,-0.1,-0.109,-0.105,-0.098,-0.098,-0.104,-0.1,0.022,0.022,0.023,0.022",0.545395,68
0.5524,insulator-indirect,"a,x4","10.2314,0.838808",aflow:3add5c3f5522b969,aflowlib.duke.edu:AFLOWDATA/ICSD_WEB/FCC/Ho2O7Ru2_ICSD_96730,Ho4O14Ru4,"0.054,0.054,0.054,0.055,0.069,0.07,0.059,0.072,0.054,0.067,0.072,0.059,0.07,0.069,0.054,0.067,-0.001,-0.001,1.721,1.71,1.71,1.7",0.363642,72
0,half-metal,"a,x4","10.5039,0.830191",aflow:3b5090fa3a09cc57,aflowlib.duke.edu:AFLOWDATA/ICSD_WEB/FCC/Bi2O7Ru2_ICSD_166566,Bi4O14Ru4,"0.04,0.054,0.047,0.047,0.064,0.057,0.08,0.072,0.09,0.09,0.072,0.08,0.057,0.064,0.09,0.09,0.018,0.018,1.63,1.652,1.642,1.641",0.363627,80
3.3462,insulator-indirect,"a,x4","10.8209,0.834664",aflow:3c35f9884057a217,aflowlib.duke.edu:AFLOWDATA/ICSD_WEB/FCC/Nd2O7Zr2_ICSD_249974,Nd4O14Zr4,"2.969,2.969,2.969,2.969,-0.041,-0.041,-0.01,-0.01,-0.01,-0.01,-0.01,-0.01,-0.01,-0.01,-0.01,-0.01,-0.01,-0.01,-0.002,-0.002,-0.002,-0.002",0.545411,60
0.0838,insulator-direct,"a,x4","10.1402,0.417298",aflow:3d6287c20288a1ef,aflowlib.duke.edu:AFLOWDATA/ICSD_WEB/FCC/O7Ti2Yb2_ICSD_161405,O14Ti4Yb4,"0.095,0.095,0.064,0.064,0.06,0.06,0.057,0.057,0.06,0.06,0.064,0.064,0.057,0.057,-0.009,-0.009,-0.008,-0.009,0.746,0.746,0.768,0.724",0.181804,56
0.8117,insulator-indirect,"a,x4","10.1121,0.831213",aflow:3d1f3040f69c29a8,aflowlib.duke.edu:AFLOWDATA/ICSD_WEB/FCC/Dy2O7V2_ICSD_160863,Dy4O14V4,"0.006,0.005,0.006,0.006,-0.029,-0.028,-0.025,-0.025,-0.027,-0.027,-0.025,-0.025,-0.028,-0.029,-0.027,-0.027,0,0,1.04,1.045,1.04,1.034",0.181793,64
2.1174,insulator-indirect,"a,x4","10.5344,0.432483",aflow:3d7ea012d0f48467,aflowlib.duke.edu:AFLOWDATA/ICSD_WEB/FCC/Cd2O7Ta2_ICSD_27123,Cd4O14Ta4,"0,0,0,0,0,0,0,0,0,0,0,0,0,0,0,0,0,0,0,0,0,0",0,56
0,metal,"a,x4","10.8271,0.362968",aflow:3f79a5060d7a9a11,aflowlib.duke.edu:AFLOWDATA/ICSD_WEB/FCC/La2O7Zr2_ICSD_184102,La4O14Zr4,"0,0,0,0,0,0,0,0,0,0,0,0,0,0,0,0,0,0,0,0,0,0",0,56
3.3148,insulator-indirect,"a,x4","10.8216,0.415323",aflow:3f94e58e38411237,aflowlib.duke.edu:AFLOWDATA/ICSD_WEB/FCC/Nd2O7Zr2_ICSD_174187,Nd4O14Zr4,"2.968,2.969,2.968,2.968,-0.009,-0.009,-0.009,-0.009,-0.009,-0.009,-0.009,-0.009,-0.009,-0.009,-0.009,-0.009,-0.039,-0.039,-0.002,-0.003,-0.002,-0.002",0.545454,60
0.5162,insulator-indirect,"a,x4","10.5109,0.831806",aflow:4087639876ca3f66,aflowlib.duke.edu:AFLOWDATA/ICSD_WEB/FCC/Nd2O7Ru2_ICSD_79327,Nd4O14Ru4,"2.985,2.987,2.987,2.988,0.067,0.068,0.064,0.051,0.069,0.056,0.051,0.064,0.068,0.067,0.069,0.056,-0.04,-0.04,1.678,1.689,1.69,1.701",0.909143,76
0,half-metal,"a,x4","10.9,0.432443",aflow:419c4b6caa59a978,aflowlib.duke.edu:AFLOWDATA/ICSD_WEB/FCC/Cu2F6Hg2S1_ICSD_156367,Cu4F12Hg4S2,"0.771,0.728,0.714,0.744,0.087,0.091,0.088,0.089,0.084,0.086,0.089,0.088,0.091,0.087,0.084,0.086,-0.001,-0.001,-0.001,-0.001,-0.002,-0.002",0.182047,56
0,metal,"a,x4","10.3034,0.417199",aflow:4260df9809b76428,aflowlib.duke.edu:AFLOWDATA/ICSD_WEB/FCC/Gd2O7Ru2_ICSD_79332,Gd4O14Ru4,"7.013,7.013,7.013,7.013,-0.016,-0.016,-0.015,-0.016,-0.015,-0.014,-0.016,-0.015,-0.016,-0.016,-0.015,-0.014,-0.042,-0.042,-0.022,-0.021,-0.025,-0.021",1.26958,72
0,metal,"a,x4","10.7361,0.348734",aflow:4211fa0b4a8c987c,aflowlib.duke.edu:AFLOWDATA/ICSD_WEB/FCC/O7Pb2Sb2_ICSD_24246,O14Pb4Sb4,"0,0,0,0,0,0,0,0,0,0,0,0,0,0,0,0,0,0,0,0,0,0",0,64
3.8106,insulator-direct,"a,x4","10.9566,0.418728",aflow:42214ee738e23258,aflowlib.duke.edu:AFLOWDATA/ICSD_WEB/FCC/La2O7Zr2_ICSD_153814,La4O14Zr4,"0,0,0,0,0,0,0,0,0,0,0,0,0,0,0,0,0,0,0,0,0,0",0,56
6,insulator-indirect,"a,x3,x4","13.0757,0.723342,0.775162",aflow:4397ed9a800a61af,aflowlib.duke.edu:AFLOWDATA/ICSD_WEB/FCC/C4Cd1K2N4_ICSD_23994,C8Cd2K4N8,"0,0,0,0,0,0,0,0,0,0,0,0,0,0,0,0,0,0,0,0,0,0",0,80
2.2472,insulator-direct,"a,x4","10.6063,0.408248",aflow:43a95bb7cd8a43ac,aflowlib.duke.edu:AFLOWDATA/ICSD_WEB/FCC/O7Sn2Y2_ICSD_153817,O14Sn4Y4,"0,0,0,0,0,0,0,0,0,0,0,0,0,0,0,0,0,0,0,0,0,0",0,56
0,metal,"a,x4","10.4531,0.81726",aflow:455356e5dfe33177,aflowlib.duke.edu:AFLOWDATA/ICSD_WEB/FCC/Hg2O7Os2_ICSD_159796,Hg4O14Os4,"0.046,0.048,0.051,0.048,0.178,0.161,0.183,0.183,0.163,0.147,0.183,0.183,0.161,0.178,0.163,0.147,0.165,0.165,2.219,2.194,2.167,2.195",0.530221,76
2.0818,insulator-indirect,"a,x4","10.508,0.817316",aflow:45da11711f06cd30,aflowlib.duke.edu:AFLOWDATA/ICSD_WEB/FCC/Cd2Nb2O7_ICSD_27122,Cd4Nb4O14,"0,0,0,0,0,0,0,0,0,0,0,0,0,0,0,0,0,0,0,0,0,0",0,56
2.9988,insulator-direct,"a,x4","10.8859,0.83311",aflow:46c19ace37abc759,aflowlib.duke.edu:AFLOWDATA/ICSD_WEB/FCC/Ce2O7Zr2_ICSD_168596,Ce4O14Zr4,"0.975,0.975,0.974,0.975,-0.017,-0.017,-0.002,-0.003,-0.003,-0.002,-0.003,-0.003,-0.002,-0.003,-0.003,-0.002,-0.003,-0.003,-0.001,-0.001,-0.001,-0.001",0.18181,60
2.1169,insulator-indirect,"a,x4","10.535,0.817494",aflow:465fb4e9bb6a474e,aflowlib.duke.edu:AFLOWDATA/ICSD_WEB/FCC/Cd2O7Ta2_ICSD_9715,Cd4O14Ta4,"0,0,0,0,0,0,0,0,0,0,0,0,0,0,0,0,0,0,0,0,0,0",0,56
0,metal,"a,x4","10.8264,0.363044",aflow:463c5b0d17fa2d9a,aflowlib.duke.edu:AFLOWDATA/ICSD_WEB/FCC/La2O7Zr2_ICSD_184098,La4O14Zr4,"0,0,0,0,0,0,0,0,0,0,0,0,0,0,0,0,0,0,0,0,0,0",0,56
3.2884,insulator-indirect,"a,x4","10.2396,0.830958",aflow:474cec417886a308,aflowlib.duke.edu:AFLOWDATA/ICSD_WEB/FCC/O7Ti2Y2_ICSD_167563,O14Ti4Y4,"0,0,0,0,0,0,0,0,0,0,0,0,0,0,0,0,0,0,0,0,0,0",0,56
0,metal,"a,x4","10.3438,0.822011",aflow:47d700b6c56b509e,aflowlib.duke.edu:AFLOWDATA/ICSD_WEB/FCC/Cd2O7Os2_ICSD_155766,Cd4O14Os4,"0.032,0.033,0.032,0.032,0.167,0.148,0.189,0.189,0.165,0.184,0.189,0.189,0.148,0.167,0.165,0.184,0.121,0.121,2.289,2.273,2.289,2.304",0.54494,68
2.0853,insulator-direct,"a,x4","10.9722,0.833292",aflow:47f7fd7233cdb705,aflowlib.duke.edu:AFLOWDATA/ICSD_WEB/FCC/La2O7Sn2_ICSD_24195,La4O14Sn4,"0,0,0,0,0,0,0,0,0,0,0,0,0,0,0,0,0,0,0,0,0,0",0,56
0.138,insulator-direct,"a,x4","10.6799,0.83227",aflow:491d48d0074836ad,aflowlib.duke.edu:AFLOWDATA/ICSD_WEB/FCC/Eu2Hf2O7_ICSD_236212,Eu4Hf4O14,"6.282,6.262,6.282,6.301,-0.002,-0.005,-0.002,0,-0.077,-0.078,-0.071,-0.071,-0.075,-0.073,-0.071,-0.071,-0.078,-0.077,-0.075,-0.073,-0.17,-0.17",1.09103,56
1.7677,insulator-direct,"a,x4","10.5375,0.817079",aflow:4aaabc9e717d320e,aflowlib.duke.edu:AFLOWDATA/ICSD_WEB/FCC/Ca2Nb2O7_ICSD_22411,Ca4Nb4O14,"0,0,0,0,0,0,0,0,0,0,0,0,0,0,0,0,0,0,0,0,0,0",0,56
0,half-metal,"a,x4","10.5217,0.843614",aflow:4b573afa6b1e0d55,aflowlib.duke.edu:AFLOWDATA/ICSD_WEB/FCC/O7Sn2Yb2_ICSD_82964,O14Sn4Yb4,"0.053,0.053,0.054,0.052,0.055,0.053,0.052,0.054,0.053,0.053,0.055,0.053,0.138,0.138,0.001,0,0,-0.001,0.708,0.734,0.734,0.76",0.181824,56
3.2737,insulator-indirect_spin-polarized,"a,x4","10.3153,0.829202",aflow:4ce95fbe3fce93b1,aflowlib.duke.edu:AFLOWDATA/ICSD_WEB/FCC/Gd2O7Ti2_ICSD_24207,Gd4O14Ti4,"7.01,7.009,7.011,7.01,-0.041,-0.041,-0.014,-0.014,-0.013,-0.014,-0.014,-0.014,-0.014,-0.013,-0.014,-0.014,-0.014,-0.014,-0.005,-0.005,-0.005,-0.005",1.27275,56
0,half-metal,"a,x4","10.4063,0.412545",aflow:4ccb36dec7b68f47,aflowlib.duke.edu:AFLOWDATA/ICSD_WEB/FCC/Mo2O7Tb2_ICSD_159771,Mo4O14Tb4,"1.888,1.887,1.891,1.886,-0.031,-0.019,-0.015,-0.003,0.009,0.009,-0.003,-0.015,-0.019,-0.031,0.009,0.009,-0.001,-0.001,0.021,0.023,0.022,0.022",0.363634,68
0,metal,"a,x4","10.3437,0.822021",aflow:4c6953b4a0fa5011,aflowlib.duke.edu:AFLOWDATA/ICSD_WEB/FCC/Cd2O7Os2_ICSD_155769,Cd4O14Os4,"0.032,0.032,0.032,0.033,0.189,0.189,0.167,0.148,0.184,0.165,0.148,0.167,0.189,0.189,0.184,0.165,0.121,0.121,2.304,2.289,2.289,2.273",0.544935,68
3.3021,insulator-indirect,"a,x4","10.249,0.830762",aflow:4dc4576f6ea86fac,aflowlib.duke.edu:AFLOWDATA/ICSD_WEB/FCC/O7Tb2Ti2_ICSD_151747,O14Tb4Ti4,"0,0,0,0,0,0,0,0,0,0,0,0,0,0,0,0,0,0,0,0,0,0",0,60
2.8929,insulator-indirect,"a,x4","10.4743,0.824495",aflow:4ddd3fc4b2a6ef79,aflowlib.duke.edu:AFLOWDATA/ICSD_WEB/FCC/Bi2O7Ti2_ICSD_161100,Bi4O14Ti4,"0,0,0,0,0,0,0,0,0,0,0,0,0,0,0,0,0,0,0,0,0,0",0,64
5.8375,insulator-indirect,"a,x3,x4","13.0169,0.276986,0.224936",aflow:4e06c5bc5f484ac8,aflowlib.duke.edu:AFLOWDATA/ICSD_WEB/FCC/C4Hg1K2N4_ICSD_62084,C8Hg2K4N8,"0,0,0,0,0,0,0,0,0,0,0,0,0,0,0,0,0,0,0,0,0,0",0,84
1.6174,insulator-indirect,"a,x4","10.7802,0.438202",aflow:4f689ce2ad31aa19,aflowlib.duke.edu:AFLOWDATA/ICSD_WEB/FCC/O7Sn2Ta2_ICSD_163818,O14Sn4Ta4,"0,0,0,0,0,0,0,0,0,0,0,0,0,0,0,0,0,0,0,0,0,0",0,64
0.1901,insulator-direct,"a,x4","10.3863,0.359865",aflow:5032318cfec8a5e0,aflowlib.duke.edu:AFLOWDATA/ICSD_WEB/FCC/Ca2O7Sb2_ICSD_24245,Ca4O14Sb4,"0,0,0,0,0,0,0,0,0,0,0,0,0,0,0,0,0,0,0,0,0,0",0,56
0,metal,"a,x4","10.3427,0.427982",aflow:50ddac208526fffa,aflowlib.duke.edu:AFLOWDATA/ICSD_WEB/FCC/Cd2O7Os2_ICSD_155772,Cd4O14Os4,"0.032,0.033,0.032,0.032,0.189,0.189,0.167,0.148,0.165,0.184,0.148,0.167,0.189,0.189,0.165,0.184,0.121,0.121,2.288,2.273,2.304,2.289",0.544937,68
1.7932,insulator-direct,"a,x4","10.879,0.818806",aflow:51714392649712d1,aflowlib.duke.edu:AFLOWDATA/ICSD_WEB/FCC/F6Hg2Ni2S1_ICSD_4083,F12Hg4Ni4S2,"0.051,0.05,0.052,0.052,0.052,0.051,0.052,0.052,0.05,0.051,0.052,0.051,0,0,0,0,1.823,1.824,1.824,1.824,-0.001,-0.001",0.363684,56
0,half-metal,"a,x4","10.2594,0.413115",aflow:51ea47843e461e60,aflowlib.duke.edu:AFLOWDATA/ICSD_WEB/FCC/Ir2O7Y2_ICSD_187534,Ir4O14Y4,"0.704,0.708,0.707,0.702,0.102,0.096,0.068,0.068,0.084,0.089,0.068,0.068,0.096,0.102,0.084,0.089,0.003,0.003,0.023,0.02,0.023,0.026",0.181673,72
0,metal,"a,x4","10.8273,0.363008",aflow:518630d75dad5140,aflowlib.duke.edu:AFLOWDATA/ICSD_WEB/FCC/La2O7Zr2_ICSD_184096,La4O14Zr4,"0,0,0,0,0,0,0,0,0,0,0,0,0,0,0,0,0,0,0,0,0,0",0,56
2.9834,insulator-direct,"a,x4","10.8848,0.416792",aflow:52ca4f34ce90ae48,aflowlib.duke.edu:AFLOWDATA/ICSD_WEB/FCC/Ce2O7Zr2_ICSD_168595,Ce4O14Zr4,"0.975,0.975,0.974,0.975,-0.017,-0.017,-0.003,-0.003,-0.003,-0.002,-0.002,-0.003,-0.002,-0.003,-0.003,-0.003,-0.002,-0.003,-0.001,-0.001,-0.001,-0.001",0.18181,60
2.4623,insulator-direct,"a,x4","10.5611,0.817387",aflow:54ff4abcf9aa0a9e,aflowlib.duke.edu:AFLOWDATA/ICSD_WEB/FCC/Ca2O7Ta2_ICSD_27121,Ca4O14Ta4,"0,0,0,0,0,0,0,0,0,0,0,0,0,0,0,0,0,0,0,0,0,0",0,56
3.2676,insulator-indirect,"a,x4","10.6069,0.822847",aflow:5419805aeec1a922,aflowlib.duke.edu:AFLOWDATA/ICSD_WEB/FCC/La2O7Ti2_ICSD_164027,La4O14Ti4,"0,0,0,0,0,0,0,0,0,0,0,0,0,0,0,0,0,0,0,0,0,0",0,56
2.2478,insulator-direct,"a,x4","10.6051,0.408212",aflow:542a24e530204c1a,aflowlib.duke.edu:AFLOWDATA/ICSD_WEB/FCC/O7Sn2Y2_ICSD_74706,O14Sn4Y4,"0,0,0,0,0,0,0,0,0,0,0,0,0,0,0,0,0,0,0,0,0,0",0,56
3.2411,insulator-indirect,"a,x4","10.2224,0.831543",aflow:55b9faf4733959de,aflowlib.duke.edu:AFLOWDATA/ICSD_WEB/FCC/Dy2O7Ti2_ICSD_188553,Dy4O14Ti4,"0,0,0,0,0,0,0,0,0,0,0,0,0,0,0,0,0,0,0,0,0,0",0,60
0,metal,"a,x4","10.474,0.835734",aflow:56e85df50d5b92c2,aflowlib.duke.edu:AFLOWDATA/ICSD_WEB/FCC/Gd2Mo2O7_ICSD_159775,Gd4Mo4O14,"7,7.004,7,6.996,-1.106,-1.186,-1.105,-1.025,-0.008,0.011,-0.034,-0.034,-0.009,-0.029,-0.034,-0.034,0.011,-0.008,-0.009,-0.029,-0.04,-0.04",1.06452,64
0,metal,"a,x4","10.4531,0.817256",aflow:56b0c1126a7390fb,aflowlib.duke.edu:AFLOWDATA/ICSD_WEB/FCC/Hg2O7Os2_ICSD_159794,Hg4O14Os4,"0.048,0.051,0.048,0.046,0.163,0.147,0.183,0.183,0.161,0.178,0.183,0.183,0.147,0.163,0.161,0.178,0.165,0.165,2.194,2.167,2.195,2.219",0.530219,76
1.0459,insulator-indirect,"a,x4","10.7485,0.437578",aflow:56428d5401825d75,aflowlib.duke.edu:AFLOWDATA/ICSD_WEB/FCC/Nb2O7Sn2_ICSD_163817,Nb4O14Sn4,"0,0,0,0,0,0,0,0,0,0,0,0,0,0,0,0,0,0,0,0,0,0",0,64
2.7011,insulator-direct,"a,x4","10.605,0.840556",aflow:574859fb725b71ef,aflowlib.duke.edu:AFLOWDATA/ICSD_WEB/FCC/O7Y2Zr2_ICSD_153818,O14Y4Zr4,"0,0,0,0,0,0,0,0,0,0,0,0,0,0,0,0,0,0,0,0,0,0",0,56
1.7934,insulator-direct,"a,x4","10.8791,0.431187",aflow:580527b50331e5ea,aflowlib.duke.edu:AFLOWDATA/ICSD_WEB/FCC/F6Hg2Ni2S1_ICSD_166545,F12Hg4Ni4S2,"0.051,0.052,0.052,0.052,0.05,0.051,0.052,0.052,0.052,0.051,0.05,0.051,0,0,0,0,1.823,1.824,1.824,1.824,-0.001,-0.001",0.363685,56
0,metal,"a,x4","10.3939,0.829863",aflow:5882443e36213ebb,aflowlib.duke.edu:AFLOWDATA/ICSD_WEB/FCC/Bi2O7Ru2_ICSD_161102,Bi4O14Ru4,"0,0,0,0,0,0,0,0,0,0,0,0,0,0,0,0,0,0,0,0,0,0",0,80
0.1482,insulator-direct,"a,x4","10.5508,0.876173",aflow:5c939a2366507ada,aflowlib.duke.edu:AFLOWDATA/ICSD_WEB/FCC/Gd2O7Zr2_ICSD_261758,Gd4O14Zr4,"7.021,7.019,7.023,7.021,-0.026,-0.026,-0.024,-0.026,-0.025,-0.024,-0.026,-0.024,-0.026,-0.026,-0.025,-0.024,-0.01,-0.01,-0.007,-0.007,-0.007,-0.007",1.27276,56
2.1953,insulator-direct,"a,x4","10.563,0.843012",aflow:5f7286e5bbc992cc,aflowlib.duke.edu:AFLOWDATA/ICSD_WEB/FCC/Ho2O7Sn2_ICSD_84748,Ho4O14Sn4,"0,0,0,0,0,0,0,0,0,0,0,0,0,0,0,0,0,0,0,0,0,0",0,56
3.4526,insulator-indirect,"a,x4","10.5943,0.835488",aflow:5f18888e5af5d54c,aflowlib.duke.edu:AFLOWDATA/ICSD_WEB/FCC/Gd2Hf2O7_ICSD_236213,Gd4Hf4O14,"7.008,7.009,7.008,7.008,-0.005,-0.005,-0.005,-0.005,-0.013,-0.014,-0.013,-0.013,-0.014,-0.013,-0.013,-0.013,-0.014,-0.013,-0.014,-0.013,-0.042,-0.042",1.27271,56
0,metal,"a,x4","10.4531,0.43274",aflow:5f84d645ff5d211c,aflowlib.duke.edu:AFLOWDATA/ICSD_WEB/FCC/Hg2O7Os2_ICSD_159795,Hg4O14Os4,"0.048,0.051,0.048,0.046,0.178,0.161,0.183,0.183,0.147,0.163,0.183,0.183,0.161,0.178,0.147,0.163,0.165,0.165,2.195,2.167,2.194,2.219",0.530221,76
0,metal,"a,x4","10.3439,0.822008",aflow:617c1650c2621b3d,aflowlib.duke.edu:AFLOWDATA/ICSD_WEB/FCC/Cd2O7Os2_ICSD_155764,Cd4O14Os4,"0.032,0.033,0.032,0.032,0.167,0.148,0.184,0.165,0.189,0.189,0.165,0.184,0.148,0.167,0.189,0.189,0.121,0.121,2.304,2.273,2.289,2.289",0.544941,68
1.0682,insulator-indirect,"a,x4","10.5298,0.832063",aflow:646ccd3a29e844e5,aflowlib.duke.edu:AFLOWDATA/ICSD_WEB/FCC/Bi2O7Pt2_ICSD_161104,Bi4O14Pt4,"0,0,0,0,0,0,0,0,0,0,0,0,0,0,0,0,0,0,0,0,0,0",0,72
0,half-metal,"a,x4","10.4069,0.412518",aflow:647ebaa8849028fd,aflowlib.duke.edu:AFLOWDATA/ICSD_WEB/FCC/Mo2O7Tb2_ICSD_159773,Mo4O14Tb4,"1.886,1.891,1.887,1.889,-0.031,-0.019,-0.003,-0.015,0.009,0.009,-0.015,-0.003,-0.019,-0.031,0.009,0.009,-0.001,-0.001,0.022,0.022,0.023,0.021",0.363634,68
0.1453,insulator-direct,"a,x4","10.5504,0.876215",aflow:6643c2cb85a58314,aflowlib.duke.edu:AFLOWDATA/ICSD_WEB/FCC/Gd2O7Zr2_ICSD_185396,Gd4O14Zr4,"7.021,7.021,7.023,7.019,-0.026,-0.024,-0.024,-0.025,-0.026,-0.027,-0.025,-0.024,-0.024,-0.026,-0.026,-0.027,-0.01,-0.01,-0.007,-0.007,-0.007,-0.007",1.27276,56
0,metal,"a,x4","10.3426,0.42798",aflow:66faa8b1cbf42cfd,aflowlib.duke.edu:AFLOWDATA/ICSD_WEB/FCC/Cd2O7Os2_ICSD_155773,Cd4O14Os4,"0.032,0.032,0.033,0.032,0.189,0.189,0.165,0.184,0.167,0.148,0.184,0.165,0.189,0.189,0.167,0.148,0.121,0.121,2.288,2.304,2.273,2.289",0.544936,68
0.1195,insulator-direct,"a,x4","10.7535,0.412336",aflow:67ce809ba898eca9,aflowlib.duke.edu:AFLOWDATA/ICSD_WEB/FCC/Eu2O7Sn2_ICSD_173949,Eu4O14Sn4,"6.255,6.277,6.232,6.255,-0.181,-0.181,-0.063,-0.063,-0.064,-0.064,-0.067,-0.066,-0.064,-0.064,-0.063,-0.063,-0.067,-0.066,0,0,0.001,0",1.0909,56
0.5603,insulator-indirect,"a,x4","10.2786,0.837499",aflow:67f0a9c54eedcaa2,aflowlib.duke.edu:AFLOWDATA/ICSD_WEB/FCC/O7Ru2Y2_ICSD_79733,O14Ru4Y4,"0.072,0.059,0.069,0.07,0.066,0.054,0.07,0.069,0.059,0.072,0.066,0.054,-0.001,-0.001,1.7,1.709,1.719,1.709,0.029,0.03,0.03,0.029",0.363639,72
0,half-metal,"a,x4","10.8953,0.817561",aflow:678fbb0abfa6e0dd,aflowlib.duke.edu:AFLOWDATA/ICSD_WEB/FCC/Cu2F6Hg2S1_ICSD_156368,Cu4F12Hg4S2,"0.714,0.728,0.745,0.771,0.088,0.089,0.086,0.084,0.091,0.087,0.084,0.086,0.089,0.088,0.091,0.087,-0.001,-0.001,-0.001,-0.001,-0.002,-0.002",0.182045,56
3.2614,insulator-indirect,"a,x4","10.6086,0.822831",aflow:683c0548427d5312,aflowlib.duke.edu:AFLOWDATA/ICSD_WEB/FCC/La2O7Ti2_ICSD_153816,La4O14Ti4,"0,0,0,0,0,0,0,0,0,0,0,0,0,0,0,0,0,0,0,0,0,0",0,56
2.2304,insulator-direct,"a,x4","10.6145,0.408495",aflow:6abe626ad755b27a,aflowlib.duke.edu:AFLOWDATA/ICSD_WEB/FCC/O7Sn2Tb2_ICSD_159786,O14Sn4Tb4,"0,0,0,0,0,0,0,0,0,0,0,0,0,0,0,0,0,0,0,0,0,0",0,60
0,metal,"a,x4","10.4525,0.817263",aflow:6c673b94bca8e244,aflowlib.duke.edu:AFLOWDATA/ICSD_WEB/FCC/Hg2O7Os2_ICSD_159806,Hg4O14Os4,"0.051,0.048,0.048,0.046,0.183,0.183,0.161,0.178,0.147,0.163,0.178,0.161,0.183,0.183,0.147,0.163,0.165,0.165,2.167,2.195,2.194,2.219",0.530203,76
3.317,insulator-indirect,"a,x4","10.821,0.834666",aflow:6dcdfe64773582b3,aflowlib.duke.edu:AFLOWDATA/ICSD_WEB/FCC/Nd2O7Zr2_ICSD_154754,Nd4O14Zr4,"2.968,2.969,2.968,2.968,-0.009,-0.009,-0.009,-0.009,-0.009,-0.009,-0.009,-0.009,-0.009,-0.009,-0.009,-0.009,-0.039,-0.039,-0.003,-0.003,-0.003,-0.002",0.545465,60
2.173,insulator-direct,"a,x4","10.5375,0.843816",aflow:6e0cff70171929f0,aflowlib.duke.edu:AFLOWDATA/ICSD_WEB/FCC/Er2O7Sn2_ICSD_82962,Er4O14Sn4,"0,0,0,0,0,0,0,0,0,0,0,0,0,0,0,0,0,0,0,0,0,0",0,56
0,metal,"a,x4","10.8537,0.433001",aflow:6f7b1c9a0527f360,aflowlib.duke.edu:AFLOWDATA/ICSD_WEB/FCC/O7Pb2Sb2_ICSD_27120,O14Pb4Sb4,"0,0,0,0,0,0,0,0,0,0,0,0,0,0,0,0,0,0,0,0,0,0",0,64
0.1376,insulator-direct,"a,x4","10.6793,0.417704",aflow:70aae2c237d0db8b,aflowlib.duke.edu:AFLOWDATA/ICSD_WEB/FCC/Eu2Hf2O7_ICSD_173953,Eu4Hf4O14,"6.282,6.262,6.301,6.282,-0.002,-0.005,0,-0.002,-0.17,-0.17,-0.071,-0.071,-0.077,-0.078,-0.075,-0.074,-0.078,-0.077,-0.071,-0.071,-0.075,-0.074",1.09091,56
0.1484,insulator-direct,"a,x4","10.5508,0.876169",aflow:71652fe0e83ff5b4,aflowlib.duke.edu:AFLOWDATA/ICSD_WEB/FCC/Gd2O7Zr2_ICSD_185395,Gd4O14Zr4,"7.021,7.021,7.023,7.019,-0.026,-0.024,-0.024,-0.025,-0.026,-0.026,-0.025,-0.024,-0.024,-0.026,-0.026,-0.026,-0.01,-0.01,-0.007,-0.007,-0.007,-0.007",1.27276,56
0,metal,"a,x4","10.7363,0.359678",aflow:7198b9a48a58092a,aflowlib.duke.edu:AFLOWDATA/ICSD_WEB/FCC/Hf2La2O7_ICSD_173790,Hf4La4O14,"0,0,0,0,0,0,0,0,0,0,0,0,0,0,0,0,0,0,0,0,0,0",0,56
2.173,insulator-direct,"a,x4","10.5375,0.843816",aflow:7146000986be1a20,aflowlib.duke.edu:AFLOWDATA/ICSD_WEB/FCC/Er2O7Sn2_ICSD_84749,Er4O14Sn4,"0,0,0,0,0,0,0,0,0,0,0,0,0,0,0,0,0,0,0,0,0,0",0,56
0.8575,insulator-indirect,"a,x4","10.0527,0.830118",aflow:72ded1ad94619a81,aflowlib.duke.edu:AFLOWDATA/ICSD_WEB/FCC/Mn2O7Y2_ICSD_56516,Mn4O14Y4,"3.257,3.259,3.259,3.26,-0.097,-0.097,-0.105,-0.109,-0.1,-0.104,-0.109,-0.105,-0.097,-0.097,-0.1,-0.104,-0.008,-0.008,0.023,0.022,0.022,0.022",0.545396,68
0,half-metal,"a,x4","10.3775,0.426074",aflow:73c456125e116be3,aflowlib.duke.edu:AFLOWDATA/ICSD_WEB/FCC/O7Ru2Tl2_ICSD_172017,O14Ru4Tl4,"0.093,0.104,0.101,0.102,0.085,0.098,0.102,0.101,0.104,0.093,0.085,0.098,0.054,0.054,1.63,1.643,1.656,1.642,-0.042,-0.033,-0.022,-0.031",0.363629,72
0,metal,"a,x4","9.9454,0.876756",aflow:735307e87292ac4c,aflowlib.duke.edu:AFLOWDATA/ICSD_WEB/FCC/Lu2O7V2_ICSD_160599,Lu4O14V4,"0.014,0.013,0.012,0.014,0.003,0.004,0.003,0.003,0.003,0.003,0.003,0.003,0.004,0.003,0.003,0.003,-0.002,-0.002,-0.032,-0.017,-0.004,-0.027",0.00973304,60
3.1172,insulator-indirect,"a,x4","10.1711,0.83274",aflow:741f2418db817598,aflowlib.duke.edu:AFLOWDATA/ICSD_WEB/FCC/Er2O7Ti2_ICSD_150211,Er4O14Ti4,"0,0,0,0,0,0,0,0,0,0,0,0,0,0,0,0,0,0,0,0,0,0",0,56
4.171,insulator-indirect,"a,x4","9.4269,0.823637",aflow:7422ec9f7b12ff6b,aflowlib.duke.edu:AFLOWDATA/ICSD_WEB/FCC/O7Sc2Si2_ICSD_1457,O14Sc4Si4,"0,0,0,0,0,0,0,0,0,0,0,0,0,0,0,0,0,0,0,0,0,0",0,56
0.4798,insulator-indirect,"a,x4","10.4322,0.823978",aflow:756096e33f80cb70,aflowlib.duke.edu:AFLOWDATA/ICSD_WEB/FCC/Cd2O7Sb2_ICSD_165168,Cd4O14Sb4,"0,0,0,0,0,0,0,0,0,0,0,0,0,0,0,0,0,0,0,0,0,0",0,56
4.4648,insulator-direct,"a,x4","10.8645,0.828475",aflow:76fb1c0b95c6b115,aflowlib.duke.edu:AFLOWDATA/ICSD_WEB/FCC/Hf2La2O7_ICSD_153815,Hf4La4O14,"0,0,0,0,0,0,0,0,0,0,0,0,0,0,0,0,0,0,0,0,0,0",0,56
0,metal,"a,x4","10.8301,0.363092",aflow:770a957dc132d359,aflowlib.duke.edu:AFLOWDATA/ICSD_WEB/FCC/La2O7Zr2_ICSD_184100,La4O14Zr4,"0,0,0,0,0,0,0,0,0,0,0,0,0,0,0,0,0,0,0,0,0,0",0,56
3.1084,insulator-indirect,"a,x4","10.1743,0.417185",aflow:77968dc97cd307c2,aflowlib.duke.edu:AFLOWDATA/ICSD_WEB/FCC/Er2O7Ti2_ICSD_24209,Er4O14Ti4,"0,0,0,0,0,0,0,0,0,0,0,0,0,0,0,0,0,0,0,0,0,0",0,56
0,metal,"a,x4","10.4849,0.824927",aflow:78362da03fd4c22e,aflowlib.duke.edu:AFLOWDATA/ICSD_WEB/FCC/Eu2O7Ru2_ICSD_173947,Eu4O14Ru4,"6.465,6.548,6.549,6.635,-0.172,-0.172,0.143,0.143,0.131,0.116,0.144,0.128,0.116,0.131,0.143,0.143,0.144,0.128,1.855,1.891,1.899,1.936",1.62838,72
0,metal,"a,x4","10.4848,0.825352",aflow:7a20759f81b8af5a,aflowlib.duke.edu:AFLOWDATA/ICSD_WEB/FCC/Eu2O7Ru2_ICSD_109306,Eu4O14Ru4,"6.571,6.485,6.658,6.571,0.152,0.153,0.154,0.134,0.12,0.139,0.134,0.154,0.153,0.152,0.12,0.139,-0.168,-0.168,1.906,1.865,1.95,1.903",1.63326,72
3.0187,insulator-direct,"a,x4","10.8833,0.417031",aflow:7a5e154a75bf761b,aflowlib.duke.edu:AFLOWDATA/ICSD_WEB/FCC/Ce2O7Zr2_ICSD_168598,Ce4O14Zr4,"0.975,0.975,0.974,0.975,-0.017,-0.017,-0.003,-0.003,-0.003,-0.002,-0.002,-0.003,-0.002,-0.003,-0.003,-0.003,-0.002,-0.003,-0.001,-0.001,-0.001,-0.001",0.18181,60
3.2859,insulator-indirect,"a,x4","10.2415,0.830978",aflow:7b8fca634f8b5c68,aflowlib.duke.edu:AFLOWDATA/ICSD_WEB/FCC/O7Ti2Y2_ICSD_66874,O14Ti4Y4,"0,0,0,0,0,0,0,0,0,0,0,0,0,0,0,0,0,0,0,0,0,0",0,56
0,metal,"a,x4","10.4517,0.432698",aflow:7ca837aeeae53594,aflowlib.duke.edu:AFLOWDATA/ICSD_WEB/FCC/Hg2O7Os2_ICSD_159808,Hg4O14Os4,"0.048,0.048,0.046,0.051,0.161,0.178,0.163,0.147,0.183,0.183,0.147,0.163,0.178,0.161,0.183,0.183,0.165,0.165,2.194,2.195,2.219,2.167",0.530209,76
0.258,insulator-direct,"a,x4","10.3788,0.423303",aflow:7ce0930de22d4e27,aflowlib.duke.edu:AFLOWDATA/ICSD_WEB/FCC/Eu2O7Ti2_ICSD_173945,Eu4O14Ti4,"6.244,6.262,6.226,6.244,-0.145,-0.145,-0.066,-0.066,-0.069,-0.068,-0.071,-0.072,-0.068,-0.069,-0.066,-0.066,-0.071,-0.072,0.003,0.004,0.003,0.003",1.09169,56
0,metal,"a,x4","10.8265,0.363046",aflow:7e93fe7271cbaea2,aflowlib.duke.edu:AFLOWDATA/ICSD_WEB/FCC/La2O7Zr2_ICSD_184099,La4O14Zr4,"0,0,0,0,0,0,0,0,0,0,0,0,0,0,0,0,0,0,0,0,0,0",0,56
2.1716,insulator-direct,"a,x4","10.855,0.414142",aflow:7f75c02e8947ca2d,aflowlib.duke.edu:AFLOWDATA/ICSD_WEB/FCC/O7Pr2Sn2_ICSD_82957,O14Pr4Sn4,"-0.008,-0.007,-0.007,-0.007,-0.008,-0.008,-0.007,-0.007,-0.007,-0.008,-0.008,-0.008,-0.031,-0.031,1.987,1.987,1.987,1.987,0.001,0.001,0.001,0.001",0.363631,60
2.2481,insulator-direct,"a,x4","10.6051,0.841786",aflow:81c58f5faba12e54,aflowlib.duke.edu:AFLOWDATA/ICSD_WEB/FCC/O7Sn2Y2_ICSD_24193,O14Sn4Y4,"0,0,0,0,0,0,0,0,0,0,0,0,0,0,0,0,0,0,0,0,0,0",0,56
2.8939,insulator-indirect,"a,x4","10.4713,0.425493",aflow:81684c85140475d2,aflowlib.duke.edu:AFLOWDATA/ICSD_WEB/FCC/Bi2O7Ti2_ICSD_180394,Bi4O14Ti4,"0,0,0,0,0,0,0,0,0,0,0,0,0,0,0,0,0,0,0,0,0,0",0,64
2.1006,insulator-direct,"a,x4","10.9637,0.833381",aflow:81f6685e6d6272fa,aflowlib.duke.edu:AFLOWDATA/ICSD_WEB/FCC/La2O7Sn2_ICSD_153813,La4O14Sn4,"0,0,0,0,0,0,0,0,0,0,0,0,0,0,0,0,0,0,0,0,0,0",0,56
2.237,insulator-direct,"a,x4","10.6078,0.841931",aflow:8254e3e4dbfa3d3a,aflowlib.duke.edu:AFLOWDATA/ICSD_WEB/FCC/O7Sn2Y2_ICSD_160115,O14Sn4Y4,"0,0,0,0,0,0,0,0,0,0,0,0,0,0,0,0,0,0,0,0,0,0",0,56
1.0503,insulator-indirect,"a,x4","9.7751,0.414074",aflow:82f25b8da0ba88ae,aflowlib.duke.edu:AFLOWDATA/ICSD_WEB/FCC/Mn2O7Sc2_ICSD_83277,Mn4O14Sc4,"3.21,3.211,3.21,3.21,-0.01,-0.01,-0.095,-0.092,-0.09,-0.09,-0.096,-0.099,-0.095,-0.092,-0.099,-0.096,-0.09,-0.09,0.033,0.034,0.031,0.033",0.545418,68
0,half-metal,"a,x4","10.4064,0.412527",aflow:84dc0cb5db934f78,aflowlib.duke.edu:AFLOWDATA/ICSD_WEB/FCC/Mo2O7Tb2_ICSD_159772,Mo4O14Tb4,"1.891,1.887,1.886,1.889,-0.015,-0.003,0.009,0.009,-0.019,-0.031,0.009,0.009,-0.003,-0.015,-0.019,-0.031,-0.001,-0.001,0.022,0.023,0.022,0.021",0.363634,68
0,metal,"a,x4","10.4462,0.422514",aflow:84de0515704a30c3,aflowlib.duke.edu:AFLOWDATA/ICSD_WEB/FCC/Eu2Ir2O7_ICSD_156437,Eu4Ir4O14,"6.613,6.531,6.615,6.698,0.742,0.679,0.747,0.811,0.074,0.074,0.088,0.088,0.087,0.087,0.088,0.088,0.074,0.074,0.087,0.087,-0.258,-0.258",1.38184,72
3.2922,insulator-indirect,"a,x4","10.2535,0.419108",aflow:85eca6ecf13ac5bd,aflowlib.duke.edu:AFLOWDATA/ICSD_WEB/FCC/O7Tb2Ti2_ICSD_159783,O14Tb4Ti4,"0,0,0,0,0,0,0,0,0,0,0,0,0,0,0,0,0,0,0,0,0,0",0,60
3.2858,insulator-indirect,"a,x4","10.2414,0.83098",aflow:8673f401144ed031,aflowlib.duke.edu:AFLOWDATA/ICSD_WEB/FCC/O7Ti2Y2_ICSD_14242,O14Ti4Y4,"0,0,0,0,0,0,0,0,0,0,0,0,0,0,0,0,0,0,0,0,0,0",0,56
0,half-metal,"a,x4","10.5427,0.830546",aflow:862cf91b51080062,aflowlib.duke.edu:AFLOWDATA/ICSD_WEB/FCC/Bi2O7Os2_ICSD_161105,Bi4O14Os4,"0.051,0.043,0.051,0.06,0.063,0.055,0.089,0.089,0.071,0.079,0.089,0.089,0.055,0.063,0.071,0.079,0.014,0.014,1.666,1.658,1.666,1.673",0.363217,80
3.3362,insulator-indirect,"a,x4","10.5256,0.412685",aflow:868f500a39cc59bb,aflowlib.duke.edu:AFLOWDATA/ICSD_WEB/FCC/Hf2O7Y2_ICSD_153819,Hf4O14Y4,"0,0,0,0,0,0,0,0,0,0,0,0,0,0,0,0,0,0,0,0,0,0",0,56
0,metal,"a,x4","10.1113,0.887066",aflow:8914bb62219de8c7,aflowlib.duke.edu:AFLOWDATA/ICSD_WEB/FCC/O7V2Y2_ICSD_160600,O14V4Y4,"-0.068,-0.068,-0.083,-0.083,-0.094,-0.095,-0.083,-0.083,-0.068,-0.068,-0.094,-0.095,-0.159,-0.159,1.215,1.206,1.209,1.207,0.004,0.004,0.005,0.005",0.168893,60
0.0867,insulator-direct,"a,x4","10.1366,0.416742",aflow:890ed27bdf516d24,aflowlib.duke.edu:AFLOWDATA/ICSD_WEB/FCC/O7Ti2Yb2_ICSD_188872,O14Ti4Yb4,"-0.095,-0.095,-0.056,-0.056,-0.063,-0.063,-0.059,-0.059,-0.063,-0.063,-0.056,-0.056,-0.059,-0.059,0.009,0.01,0.009,0.009,-0.751,-0.73,-0.772,-0.751",-0.182517,56
2.6207,insulator-indirect,"a,x4","10.8432,0.835129",aflow:898a48d440cfd173,aflowlib.duke.edu:AFLOWDATA/ICSD_WEB/FCC/Bi2O7Sn2_ICSD_84793,Bi4O14Sn4,"0,0,0,0,0,0,0,0,0,0,0,0,0,0,0,0,0,0,0,0,0,0",0,64
0,metal,"a,x4","10.4019,0.818005",aflow:8a26312f862c053c,aflowlib.duke.edu:AFLOWDATA/ICSD_WEB/FCC/Hg2O7Ru2_ICSD_420818,Hg4O14Ru4,"0.054,0.055,0.055,0.056,0.21,0.211,0.183,0.203,0.164,0.184,0.203,0.183,0.211,0.21,0.164,0.184,0.19,0.19,2.063,2.086,2.085,2.107",0.539595,76
2.2087,insulator-direct,"a,x4","10.5894,0.842355",aflow:8f55b8fd8c7100a5,aflowlib.duke.edu:AFLOWDATA/ICSD_WEB/FCC/Dy2O7Sn2_ICSD_82960,Dy4O14Sn4,"0,0,0,0,0,0,0,0,0,0,0,0,0,0,0,0,0,0,0,0,0,0",0,60
3.2875,insulator-indirect,"a,x4","10.2392,0.830998",aflow:8fd5e0c67bc9a341,aflowlib.duke.edu:AFLOWDATA/ICSD_WEB/FCC/O7Ti2Y2_ICSD_157666,O14Ti4Y4,"0,0,0,0,0,0,0,0,0,0,0,0,0,0,0,0,0,0,0,0,0,0",0,56
2.9925,insulator-direct,"a,x4","10.8856,0.416847",aflow:92d8cad426eb934c,aflowlib.duke.edu:AFLOWDATA/ICSD_WEB/FCC/Ce2O7Zr2_ICSD_168599,Ce4O14Zr4,"0.975,0.974,0.975,0.975,-0.017,-0.017,-0.003,-0.003,-0.002,-0.003,-0.003,-0.002,-0.003,-0.002,-0.003,-0.003,-0.003,-0.002,-0.001,-0.001,-0.001,-0.001",0.18181,60
3.2969,insulator-indirect,"a,x4","10.2522,0.830801",aflow:92fdf2a76f818ea0,aflowlib.duke.edu:AFLOWDATA/ICSD_WEB/FCC/O7Tb2Ti2_ICSD_159781,O14Tb4Ti4,"0,0,0,0,0,0,0,0,0,0,0,0,0,0,0,0,0,0,0,0,0,0",0,60
0,metal,"a,x4","10.238,0.879468",aflow:94728fb708ce29e7,aflowlib.duke.edu:AFLOWDATA/ICSD_WEB/FCC/O7Pt2Sb2_ICSD_108965,O14Pt4Sb4,"0.136,0.124,0.144,0.143,0.144,0.132,0.143,0.144,0.124,0.136,0.144,0.132,0.051,0.051,1.395,1.375,1.356,1.374,0.018,0.019,0.021,0.02",0.337129,72
2.1171,insulator-indirect,"a,x4","10.5348,0.817453",aflow:95df745382b87aa8,aflowlib.duke.edu:AFLOWDATA/ICSD_WEB/FCC/Cd2O7Ta2_ICSD_75605,Cd4O14Ta4,"0,0,0,0,0,0,0,0,0,0,0,0,0,0,0,0,0,0,0,0,0,0",0,56
3.4431,insulator-direct,"a,x4","10.8425,0.415872",aflow:9635731f54f1b55c,aflowlib.duke.edu:AFLOWDATA/ICSD_WEB/FCC/O7Pr2Zr2_ICSD_249972,O14Pr4Zr4,"-0.031,-0.031,-0.007,-0.007,-0.007,-0.007,-0.007,-0.007,-0.007,-0.007,-0.007,-0.007,-0.007,-0.007,1.987,1.987,1.987,1.987,-0.001,-0.001,0,-0.001",0.363675,60
0.8849,insulator-indirect,"a,x4","9.9716,0.834547",aflow:97ee8a2a54b05f15,aflowlib.duke.edu:AFLOWDATA/ICSD_WEB/FCC/Lu2O7V2_ICSD_32688,Lu4O14V4,"0.006,0.006,0.005,0.006,-0.028,-0.027,-0.026,-0.025,-0.024,-0.024,-0.028,-0.027,-0.024,-0.024,-0.025,-0.026,0,0,1.027,1.033,1.038,1.033",0.181811,60
2.2117,insulator-direct,"a,x4","10.5876,0.407634",aflow:98284134b8c2cfdc,aflowlib.duke.edu:AFLOWDATA/ICSD_WEB/FCC/Dy2O7Sn2_ICSD_162368,Dy4O14Sn4,"0,0,0,0,0,0,0,0,0,0,0,0,0,0,0,0,0,0,0,0,0,0",0,60
0,metal,"a,x4","10.4782,0.414666",aflow:9985133e032e8bb7,aflowlib.duke.edu:AFLOWDATA/ICSD_WEB/FCC/Gd2Mo2O7_ICSD_159776,Gd4Mo4O14,"7,6.996,7,7.004,-1.102,-1.021,-1.106,-1.187,0.01,-0.009,-0.035,-0.035,-0.031,-0.01,-0.035,-0.035,-0.009,0.01,-0.031,-0.01,-0.04,-0.04",1.06423,64
3.0183,insulator-direct,"a,x4","10.8842,0.417024",aflow:9989cc43749eca33,aflowlib.duke.edu:AFLOWDATA/ICSD_WEB/FCC/Ce2O7Zr2_ICSD_168597,Ce4O14Zr4,"0.974,0.975,0.975,0.975,-0.017,-0.017,-0.003,-0.002,-0.003,-0.002,-0.003,-0.003,-0.002,-0.003,-0.002,-0.003,-0.003,-0.003,-0.001,-0.001,-0.001,-0.001",0.18181,60
0,metal,"a,x4","10.4773,0.835642",aflow:99c264e2a06a03e4,aflowlib.duke.edu:AFLOWDATA/ICSD_WEB/FCC/Gd2Mo2O7_ICSD_159777,Gd4Mo4O14,"7.001,7.003,7.005,7.003,-0.347,-0.321,-0.295,-0.321,0.005,0.005,-0.002,-0.002,0.007,0.006,-0.002,-0.002,0.005,0.005,0.007,0.006,-0.028,-0.028",1.22886,64
0.8455,insulator-direct_spin-polarized,"a,x4","10.5171,0.823293",aflow:9aafb282b4f515eb,aflowlib.duke.edu:AFLOWDATA/ICSD_WEB/FCC/F6Hg2Ni2O1_ICSD_27329,F12Hg4Ni4O2,"0.057,0.057,0.056,0.056,0.056,0.055,0.056,0.056,0.057,0.057,0.056,0.055,-0.001,-0.001,-0.001,-0.001,1.816,1.816,1.816,1.816,-0.002,-0.002",0.363725,48
0,half-metal,"a,x4","10.0903,0.423592",aflow:9aa441c460318dd7,aflowlib.duke.edu:AFLOWDATA/ICSD_WEB/FCC/Mn2O7Tl2_ICSD_56515,Mn4O14Tl4,"3.279,3.268,3.289,3.279,-0.141,-0.141,-0.135,-0.135,-0.139,-0.139,-0.135,-0.135,-0.141,-0.141,-0.139,-0.139,0.089,0.089,0.045,0.045,0.045,0.045",0.545616,68
3.2703,insulator-indirect_spin-polarized,"a,x4","10.312,0.829393",aflow:9c9e0ffac33bc002,aflowlib.duke.edu:AFLOWDATA/ICSD_WEB/FCC/Gd2O7Ti2_ICSD_164024,Gd4O14Ti4,"7.009,7.01,7.011,7.01,-0.013,-0.014,-0.014,-0.014,-0.014,-0.014,-0.014,-0.014,-0.014,-0.013,-0.014,-0.014,-0.041,-0.041,-0.005,-0.005,-0.005,-0.005",1.27276,56
0,half-metal,"a,x4","10.4053,0.837561",aflow:9c6ccde385a7b917,aflowlib.duke.edu:AFLOWDATA/ICSD_WEB/FCC/Mo2O7Tb2_ICSD_159770,Mo4O14Tb4,"1.887,1.889,1.886,1.891,-0.019,-0.031,-0.003,-0.015,0.009,0.009,-0.015,-0.003,-0.031,-0.019,0.009,0.009,-0.001,-0.001,0.023,0.021,0.022,0.022",0.363634,68
3.3198,insulator-indirect,"a,x4","10.8212,0.834634",aflow:9da40989a3a17b79,aflowlib.duke.edu:AFLOWDATA/ICSD_WEB/FCC/Nd2O7Zr2_ICSD_62794,Nd4O14Zr4,"2.968,2.968,2.968,2.968,-0.039,-0.039,-0.009,-0.009,-0.009,-0.009,-0.009,-0.009,-0.009,-0.009,-0.009,-0.009,-0.009,-0.009,-0.003,-0.003,-0.002,-0.003",0.545454,60
3.1078,insulator-indirect,"a,x4","10.1684,0.417113",aflow:9ecd1f8a22e8be6f,aflowlib.duke.edu:AFLOWDATA/ICSD_WEB/FCC/Er2O7Ti2_ICSD_24152,Er4O14Ti4,"0,0,0,0,0,0,0,0,0,0,0,0,0,0,0,0,0,0,0,0,0,0",0,56
0.8105,insulator-indirect,"a,x4","10.1113,0.83119",aflow:9eca8167a44d332a,aflowlib.duke.edu:AFLOWDATA/ICSD_WEB/FCC/Dy2O7V2_ICSD_160864,Dy4O14V4,"0.006,0.005,0.006,0.006,-0.027,-0.027,-0.029,-0.028,-0.025,-0.025,-0.028,-0.029,-0.027,-0.027,-0.025,-0.025,0,0,1.034,1.045,1.04,1.04",0.18181,64
3.2885,insulator-indirect,"a,x4","10.2395,0.830967",aflow:9fdfbb4bc6e77c79,aflowlib.duke.edu:AFLOWDATA/ICSD_WEB/FCC/O7Ti2Y2_ICSD_157667,O14Ti4Y4,"0,0,0,0,0,0,0,0,0,0,0,0,0,0,0,0,0,0,0,0,0,0",0,56
1.2881,insulator-indirect_spin-polarized,"a,x4","9.8712,0.417115",aflow:9f31bed129498812,aflowlib.duke.edu:AFLOWDATA/ICSD_WEB/FCC/In2Mn2O7_ICSD_56517,In4Mn4O14,"0.043,0.043,0.043,0.042,3.244,3.25,3.244,3.237,-0.117,-0.116,-0.117,-0.117,-0.117,-0.118,-0.117,-0.117,-0.116,-0.117,-0.117,-0.118,0.036,0.036",0.545243,68
0,metal,"a,x4","10.4522,0.422804",aflow:a017fe3de251aa22,aflowlib.duke.edu:AFLOWDATA/ICSD_WEB/FCC/Eu2Ir2O7_ICSD_173948,Eu4Ir4O14,"6.603,6.676,6.54,6.606,0.36,0.405,0.31,0.358,-0.268,-0.268,0.033,0.033,0.027,0.013,0.025,0.039,0.013,0.027,0.033,0.033,0.025,0.039",1.27777,72
3.292,insulator-indirect,"a,x4","10.2399,0.41914",aflow:a1126e8383f6aa72,aflowlib.duke.edu:AFLOWDATA/ICSD_WEB/FCC/O7Ti2Y2_ICSD_83593,O14Ti4Y4,"0,0,0,0,0,0,0,0,0,0,0,0,0,0,0,0,0,0,0,0,0,0",0,56
3.2886,insulator-indirect,"a,x4","10.2397,0.419043",aflow:a12e453fee27822e,aflowlib.duke.edu:AFLOWDATA/ICSD_WEB/FCC/O7Ti2Y2_ICSD_164023,O14Ti4Y4,"0,0,0,0,0,0,0,0,0,0,0,0,0,0,0,0,0,0,0,0,0,0",0,56
3.8107,insulator-direct,"a,x4","10.9563,0.418728",aflow:a28b0cbd44db0558,aflowlib.duke.edu:AFLOWDATA/ICSD_WEB/FCC/La2O7Zr2_ICSD_159321,La4O14Zr4,"0,0,0,0,0,0,0,0,0,0,0,0,0,0,0,0,0,0,0,0,0,0",0,56
3.2742,insulator-indirect_spin-polarized,"a,x4","10.3144,0.420781",aflow:a232fbc50917714c,aflowlib.duke.edu:AFLOWDATA/ICSD_WEB/FCC/Gd2O7Ti2_ICSD_188552,Gd4O14Ti4,"7.009,7.01,7.01,7.011,-0.041,-0.041,-0.014,-0.014,-0.014,-0.014,-0.014,-0.013,-0.014,-0.014,-0.014,-0.014,-0.014,-0.013,-0.005,-0.005,-0.005,-0.005",1.27275,56
2.2513,insulator-direct,"a,x4","10.6036,0.408219",aflow:a32fb6036a82925f,aflowlib.duke.edu:AFLOWDATA/ICSD_WEB/FCC/O7Sn2Y2_ICSD_157673,O14Sn4Y4,"0,0,0,0,0,0,0,0,0,0,0,0,0,0,0,0,0,0,0,0,0,0",0,56
0,metal,"a,x4","10.3429,0.822003",aflow:a6fc371b690c26a0,aflowlib.duke.edu:AFLOWDATA/ICSD_WEB/FCC/Cd2O7Os2_ICSD_155762,Cd4O14Os4,"0.032,0.033,0.032,0.032,0.167,0.148,0.189,0.189,0.165,0.184,0.189,0.189,0.148,0.167,0.165,0.184,0.121,0.121,2.288,2.273,2.289,2.304",0.544944,68
0,half-metal,"a,x4","10.0876,0.423553",aflow:a619d734be29cc82,aflowlib.duke.edu:AFLOWDATA/ICSD_WEB/FCC/Mn2O7Tl2_ICSD_83268,Mn4O14Tl4,"3.277,3.266,3.288,3.278,0.089,0.089,-0.14,-0.14,-0.135,-0.134,-0.138,-0.138,-0.134,-0.135,-0.14,-0.14,-0.138,-0.138,0.045,0.045,0.045,0.045",0.545629,68
5.9833,insulator-indirect,"a,x3,x4","13.0352,0.223713,0.27574",aflow:a70e48dd771ddfc6,aflowlib.duke.edu:AFLOWDATA/ICSD_WEB/FCC/C4Cd1K2N4_ICSD_168524,C8Cd2K4N8,"0,0,0,0,0,0,0,0,0,0,0,0,0,0,0,0,0,0,0,0,0,0",0,80
2.0808,insulator-indirect,"a,x4","10.51,0.432871",aflow:a7ca7d7c91ec602a,aflowlib.duke.edu:AFLOWDATA/ICSD_WEB/FCC/Cd2Nb2O7_ICSD_75601,Cd4Nb4O14,"0,0,0,0,0,0,0,0,0,0,0,0,0,0,0,0,0,0,0,0,0,0",0,56
2.6206,insulator-indirect,"a,x4","10.8478,0.835032",aflow:a82396df41d10e1c,aflowlib.duke.edu:AFLOWDATA/ICSD_WEB/FCC/Bi2O7Sn2_ICSD_86845,Bi4O14Sn4,"0,0,0,0,0,0,0,0,0,0,0,0,0,0,0,0,0,0,0,0,0,0",0,64
0.0813,insulator-direct,"a,x4","10.1421,0.832675",aflow:a9ea942dfec81704,aflowlib.duke.edu:AFLOWDATA/ICSD_WEB/FCC/O7Ti2Yb2_ICSD_173750,O14Ti4Yb4,"-0.095,-0.095,-0.057,-0.057,-0.059,-0.059,-0.064,-0.064,-0.059,-0.059,-0.057,-0.057,-0.064,-0.064,0.009,0.009,0.008,0.009,-0.748,-0.727,-0.77,-0.748",-0.181417,56
0.261,insulator-direct,"a,x4","10.3799,0.82646",aflow:a9b34bbe452e7e80,aflowlib.duke.edu:AFLOWDATA/ICSD_WEB/FCC/Eu2O7Ti2_ICSD_83596,Eu4O14Ti4,"6.259,6.242,6.242,6.224,-0.065,-0.065,-0.07,-0.071,-0.067,-0.068,-0.071,-0.07,-0.065,-0.065,-0.067,-0.068,-0.144,-0.144,0.004,0.003,0.003,0.003",1.09306,56
0.1497,insulator-direct,"a,x4","10.5509,0.876155",aflow:ac5bd576aa2aa9bd,aflowlib.duke.edu:AFLOWDATA/ICSD_WEB/FCC/Gd2O7Zr2_ICSD_261759,Gd4O14Zr4,"7.021,7.019,7.023,7.021,-0.026,-0.026,-0.024,-0.026,-0.025,-0.024,-0.026,-0.024,-0.026,-0.026,-0.025,-0.024,-0.01,-0.01,-0.007,-0.007,-0.007,-0.007",1.27276,56
0,metal,"a,x4","10.8219,0.887053",aflow:ad8f0e3fb8b241c7,aflowlib.duke.edu:AFLOWDATA/ICSD_WEB/FCC/La2O7Zr2_ICSD_184092,La4O14Zr4,"0,0,0,0,0,0,0,0,0,0,0,0,0,0,0,0,0,0,0,0,0,0",0,56
0,metal,"a,x4","10.4531,0.817257",aflow:ad6ab41204319f2d,aflowlib.duke.edu:AFLOWDATA/ICSD_WEB/FCC/Hg2O7Os2_ICSD_159801,Hg4O14Os4,"0.048,0.051,0.048,0.046,0.163,0.147,0.183,0.183,0.161,0.178,0.183,0.183,0.147,0.163,0.161,0.178,0.165,0.165,2.194,2.167,2.195,2.219",0.53022,76
0,metal,"a,x4","10.2866,0.421982",aflow:b1f0715636739c9c,aflowlib.duke.edu:AFLOWDATA/ICSD_WEB/FCC/Mn2O7Sb2_ICSD_247301,Mn4O14Sb4,"4.683,4.681,4.685,4.683,0.022,0.022,0.023,0.022,0.021,0.022,0.022,0.023,0.022,0.022,0.021,0.022,0.03,0.03,0.007,0.006,0.007,0.007",0.909033,76
3.276,insulator-indirect_spin-polarized,"a,x4","10.313,0.829214",aflow:b134f5dd37dc7fb8,aflowlib.duke.edu:AFLOWDATA/ICSD_WEB/FCC/Gd2O7Ti2_ICSD_188036,Gd4O14Ti4,"7.009,7.01,7.01,7.011,-0.014,-0.014,-0.014,-0.014,-0.013,-0.014,-0.014,-0.014,-0.014,-0.014,-0.013,-0.014,-0.041,-0.041,-0.005,-0.005,-0.005,-0.005",1.27275,56
3.218,insulator-indirect_spin-polarized,"a,x4","10.4693,0.424404",aflow:b2ea219cd372311d,aflowlib.duke.edu:AFLOWDATA/ICSD_WEB/FCC/Nd2O7Ti2_ICSD_164026,Nd4O14Ti4,"2.968,2.968,2.968,2.968,-0.01,-0.01,-0.01,-0.01,-0.01,-0.01,-0.01,-0.01,-0.01,-0.01,-0.01,-0.01,-0.042,-0.042,-0.002,-0.002,-0.002,-0.002",0.545455,60
0,metal,"a,x4","10.8219,0.363085",aflow:b25cdb4458bd8b83,aflowlib.duke.edu:AFLOWDATA/ICSD_WEB/FCC/La2O7Zr2_ICSD_184094,La4O14Zr4,"0,0,0,0,0,0,0,0,0,0,0,0,0,0,0,0,0,0,0,0,0,0",0,56
2.081,insulator-indirect,"a,x4","10.5098,0.817145",aflow:b5e30de2be249c35,aflowlib.duke.edu:AFLOWDATA/ICSD_WEB/FCC/Cd2Nb2O7_ICSD_161921,Cd4Nb4O14,"0,0,0,0,0,0,0,0,0,0,0,0,0,0,0,0,0,0,0,0,0,0",0,56
0.5177,insulator-indirect,"a,x4","10.5122,0.41816",aflow:b664db6403115173,aflowlib.duke.edu:AFLOWDATA/ICSD_WEB/FCC/Nd2O7Ru2_ICSD_161572,Nd4O14Ru4,"2.987,2.985,2.988,2.987,-0.04,-0.04,0.067,0.067,0.056,0.069,0.064,0.051,0.069,0.056,0.067,0.067,0.064,0.051,1.69,1.678,1.702,1.69",0.909098,76
0,metal,"a,x4","10.3417,0.428128",aflow:b764c9e375e3c3a3,aflowlib.duke.edu:AFLOWDATA/ICSD_WEB/FCC/Cd2O7Os2_ICSD_155761,Cd4O14Os4,"0.032,0.032,0.033,0.032,0.19,0.189,0.165,0.184,0.167,0.148,0.184,0.165,0.189,0.19,0.167,0.148,0.12,0.12,2.288,2.303,2.272,2.288",0.545006,68
1.3957,insulator-indirect_spin-polarized,"a,x4","10.3373,0.411486",aflow:b857eda6f6bae17d,aflowlib.duke.edu:AFLOWDATA/ICSD_WEB/FCC/Dy2O7Tc2_ICSD_109080,Dy4O14Tc4,"0.063,0.062,0.062,0.061,0.071,0.071,0.071,0.058,0.063,0.051,0.058,0.071,0.071,0.071,0.063,0.051,0.001,0.001,2.592,2.591,2.591,2.59",0.545465,72
2.1098,insulator-direct,"a,x4","10.4665,0.404118",aflow:b88bf7849f6b2379,aflowlib.duke.edu:AFLOWDATA/ICSD_WEB/FCC/Lu2O7Sn2_ICSD_82965,Lu4O14Sn4,"0,0,0,0,0,0,0,0,0,0,0,0,0,0,0,0,0,0,0,0,0,0",0,56
0,metal,"a,x4","10.2978,0.821707",aflow:b9183dd0b14fd78b,aflowlib.duke.edu:AFLOWDATA/ICSD_WEB/FCC/Cd2O7Ru2_ICSD_86773,Cd4O14Ru4,"0.03,0.029,0.03,0.03,0.206,0.182,0.184,0.161,0.214,0.214,0.161,0.184,0.182,0.206,0.214,0.214,0.148,0.148,2.165,2.137,2.151,2.152",0.54467,68
0,metal,"a,x4","10.5494,0.82072",aflow:bc370dbba9251e37,aflowlib.duke.edu:AFLOWDATA/ICSD_WEB/FCC/Hg2O7Sb2_ICSD_160088,Hg4O14Sb4,"0,0,0,0,0,0,0,0,0,0,0,0,0,0,0,0,0,0,0,0,0,0",0,64
0,half-metal,"a,x4","10.5117,0.83079",aflow:bcf8fbb0ec2aca65,aflowlib.duke.edu:AFLOWDATA/ICSD_WEB/FCC/Ir2O7Pr2_ICSD_156436,Ir4O14Pr4,"0.691,0.679,0.686,0.689,0.097,0.102,0.084,0.089,0.067,0.067,0.089,0.084,0.102,0.097,0.067,0.067,-0.031,-0.031,2,2.005,2.002,2.002",0.545454,76
3.0089,insulator-indirect,"a,x4","10.4568,0.839468",aflow:bc78f78037a30785,aflowlib.duke.edu:AFLOWDATA/ICSD_WEB/FCC/Er2Hf2O7_ICSD_162006,Er4Hf4O14,"0,0,0,0,0,0,0,0,0,0,0,0,0,0,0,0,0,0,0,0,0,0",0,56
0,metal,"a,x4","10.4694,0.417551",aflow:bc84d971fcaf7f78,aflowlib.duke.edu:AFLOWDATA/ICSD_WEB/FCC/Eu2O7Pt2_ICSD_173952,Eu4O14Pt4,"6.292,6.3,6.283,6.29,-0.149,-0.149,-0.028,-0.028,0.026,0.016,-0.02,-0.015,0.016,0.026,-0.028,-0.028,-0.02,-0.015,0.06,0.076,0.049,0.065",1.15919,64
2.0812,insulator-indirect,"a,x4","10.5089,0.432746",aflow:bd047ab93ea857d5,aflowlib.duke.edu:AFLOWDATA/ICSD_WEB/FCC/Cd2Nb2O7_ICSD_75604,Cd4Nb4O14,"0,0,0,0,0,0,0,0,0,0,0,0,0,0,0,0,0,0,0,0,0,0",0,56
3.2251,insulator-indirect,"a,x4","10.5046,0.838023",aflow:bdc7c8a963dd344a,aflowlib.duke.edu:AFLOWDATA/ICSD_WEB/FCC/Dy2Hf2O7_ICSD_245138,Dy4Hf4O14,"0,0,0,0,0,0,0,0,0,0,0,0,0,0,0,0,0,0,0,0,0,0",0,60
2.2253,insulator-direct,"a,x4","10.6154,0.408408",aflow:bd190d01142f162c,aflowlib.duke.edu:AFLOWDATA/ICSD_WEB/FCC/O7Sn2Tb2_ICSD_159787,O14Sn4Tb4,"0,0,0,0,0,0,0,0,0,0,0,0,0,0,0,0,0,0,0,0,0,0",0,60
0,metal,"a,x4","10.3427,0.822015",aflow:be91a11d8887b483,aflowlib.duke.edu:AFLOWDATA/ICSD_WEB/FCC/Cd2O7Os2_ICSD_155770,Cd4O14Os4,"0.032,0.033,0.032,0.032,0.167,0.148,0.189,0.189,0.165,0.184,0.189,0.189,0.148,0.167,0.165,0.184,0.121,0.121,2.288,2.273,2.289,2.304",0.544938,68
0,metal,"a,x4","10.4531,0.817259",aflow:becda3d39931c656,aflowlib.duke.edu:AFLOWDATA/ICSD_WEB/FCC/Hg2O7Os2_ICSD_159798,Hg4O14Os4,"0.048,0.051,0.048,0.046,0.163,0.147,0.183,0.183,0.161,0.178,0.183,0.183,0.147,0.163,0.161,0.178,0.165,0.165,2.194,2.167,2.195,2.219",0.530221,76
0,half-metal,"a,x4","10.8216,0.836366",aflow:c1b44328f2767a11,aflowlib.duke.edu:AFLOWDATA/ICSD_WEB/FCC/Nd2O7Sn2_ICSD_82958,Nd4O14Sn4,"2.853,3.157,3.008,3,-0.016,-0.015,-0.017,-0.016,-0.015,-0.015,-0.016,-0.017,-0.015,-0.016,-0.015,-0.015,-0.099,-0.099,0.001,0.001,0.001,0.001",0.54545,60
0.553,insulator-indirect,"a,x4","10.2617,0.838063",aflow:c1c40da078a99fb2,aflowlib.duke.edu:AFLOWDATA/ICSD_WEB/FCC/Dy2O7Ru2_ICSD_78151,Dy4O14Ru4,"0.05,0.051,0.05,0.05,0.073,0.06,0.07,0.07,0.055,0.068,0.07,0.07,0.06,0.073,0.055,0.068,-0.001,-0.001,1.709,1.698,1.708,1.72",0.363662,76
0,metal,"a,x4","10.3706,0.411218",aflow:c180587aa9cd9240,aflowlib.duke.edu:AFLOWDATA/ICSD_WEB/FCC/O7Pr2Ru2_ICSD_163397,O14Pr4Ru4,"0,0,0,0,0,0,0,0,0,0,0,0,0,0,0,0,0,0,0,0,0,0",0,76
0,metal,"a,x4","10.453,0.817262",aflow:c181e1f24c013ca9,aflowlib.duke.edu:AFLOWDATA/ICSD_WEB/FCC/Hg2O7Os2_ICSD_159799,Hg4O14Os4,"0.048,0.051,0.048,0.046,0.163,0.147,0.183,0.183,0.161,0.178,0.183,0.183,0.147,0.163,0.161,0.178,0.165,0.165,2.194,2.167,2.195,2.219",0.530221,76
3.8147,insulator-direct,"a,x4","10.9545,0.418754",aflow:c142dd8e4c90e6ef,aflowlib.duke.edu:AFLOWDATA/ICSD_WEB/FCC/La2O7Zr2_ICSD_150206,La4O14Zr4,"0,0,0,0,0,0,0,0,0,0,0,0,0,0,0,0,0,0,0,0,0,0",0,56
1.3734,insulator-indirect,"a,x4","10.5329,0.415794",aflow:c3e7986ac115a134,aflowlib.duke.edu:AFLOWDATA/ICSD_WEB/FCC/Nd2O7Pt2_ICSD_402456,Nd4O14Pt4,"2.966,2.967,2.967,2.967,-0.009,-0.009,-0.01,-0.01,-0.01,-0.01,-0.01,-0.01,-0.009,-0.009,-0.01,-0.01,-0.039,-0.039,-0.002,-0.002,-0.002,-0.002",0.545454,68
2.2244,insulator-direct,"a,x4","10.6152,0.841625",aflow:c4732fa16eb24522,aflowlib.duke.edu:AFLOWDATA/ICSD_WEB/FCC/O7Sn2Tb2_ICSD_82959,O14Sn4Tb4,"0,0,0,0,0,0,0,0,0,0,0,0,0,0,0,0,0,0,0,0,0,0",0,60
0,metal,"a,x4","10.8273,0.887034",aflow:c733c86b1419cb30,aflowlib.duke.edu:AFLOWDATA/ICSD_WEB/FCC/La2O7Zr2_ICSD_184101,La4O14Zr4,"0,0,0,0,0,0,0,0,0,0,0,0,0,0,0,0,0,0,0,0,0,0",0,56
2.0848,insulator-indirect,"a,x4","10.5041,0.432608",aflow:c797feae085b5786,aflowlib.duke.edu:AFLOWDATA/ICSD_WEB/FCC/Cd2Nb2O7_ICSD_168999,Cd4Nb4O14,"0,0,0,0,0,0,0,0,0,0,0,0,0,0,0,0,0,0,0,0,0,0",0,56
0,half-metal,"a,x4","10.9011,0.432436",aflow:c809fa92b0ea63ea,aflowlib.duke.edu:AFLOWDATA/ICSD_WEB/FCC/Cu2F6Hg2S1_ICSD_27327,Cu4F12Hg4S2,"0.771,0.728,0.714,0.744,0.087,0.091,0.088,0.089,0.084,0.086,0.089,0.088,0.091,0.087,0.084,0.086,-0.001,-0.001,-0.001,-0.001,-0.002,-0.002",0.182047,56
0,half-metal,"a,x4","10.6126,0.427623",aflow:c8ceda96a42c3e88,aflowlib.duke.edu:AFLOWDATA/ICSD_WEB/FCC/Eu2Mo2O7_ICSD_173946,Eu4Mo4O14,"6.591,6.605,6.563,6.593,1.334,1.301,1.365,1.332,-0.068,-0.068,-0.004,-0.005,-0.019,-0.026,-0.017,-0.01,-0.026,-0.019,-0.005,-0.004,-0.017,-0.01",1.45455,64
2.2258,insulator-direct,"a,x4","10.6145,0.841631",aflow:cedf17a4e9dbe94a,aflowlib.duke.edu:AFLOWDATA/ICSD_WEB/FCC/O7Sn2Tb2_ICSD_159788,O14Sn4Tb4,"0,0,0,0,0,0,0,0,0,0,0,0,0,0,0,0,0,0,0,0,0,0",0,60
1.7741,insulator-direct,"a,x4","10.5066,0.405442",aflow:d07be6ef67169729,aflowlib.duke.edu:AFLOWDATA/ICSD_WEB/FCC/O7Sn2Tm2_ICSD_82963,O14Sn4Tm4,"0.005,0.006,0.005,0.005,0.006,0.007,0.005,0.005,0.006,0.005,0.006,0.007,0.018,0.018,0,0,0,0,1.979,1.975,1.97,1.975",0.36364,60
3.2916,insulator-indirect,"a,x4","10.24,0.830869",aflow:d0f4b2501a789602,aflowlib.duke.edu:AFLOWDATA/ICSD_WEB/FCC/O7Ti2Y2_ICSD_160111,O14Ti4Y4,"0,0,0,0,0,0,0,0,0,0,0,0,0,0,0,0,0,0,0,0,0,0",0,56
0,metal,"a,x4","10.4283,0.831568",aflow:d1c53dfc3ace44df,aflowlib.duke.edu:AFLOWDATA/ICSD_WEB/FCC/Bi2Ir2O7_ICSD_161103,Bi4Ir4O14,"0,0,0,0,0,0,0,0,0,0,0,0,0,0,0,0,0,0,0,0,0,0",0,80
3.7972,insulator-direct,"a,x4","10.9541,0.418577",aflow:d146f4324e1aee9e,aflowlib.duke.edu:AFLOWDATA/ICSD_WEB/FCC/La2O7Zr2_ICSD_15165,La4O14Zr4,"0,0,0,0,0,0,0,0,0,0,0,0,0,0,0,0,0,0,0,0,0,0",0,56
0.5591,insulator-indirect,"a,x4","10.2783,0.412604",aflow:d3ff64cbbc976ffe,aflowlib.duke.edu:AFLOWDATA/ICSD_WEB/FCC/O7Ru2Y2_ICSD_73799,O14Ru4Y4,"0.054,0.066,0.07,0.07,0.072,0.059,0.07,0.07,0.066,0.054,0.072,0.059,-0.001,-0.001,1.709,1.719,1.709,1.699,0.03,0.03,0.03,0.029",0.36364,72
0,half-metal,"a,x4","10.1445,0.831428",aflow:d308c5f751061c6e,aflowlib.duke.edu:AFLOWDATA/ICSD_WEB/FCC/Ni2O7Sb2_ICSD_247303,Ni4O14Sb4,"1.718,1.91,1.728,1.553,0.048,0.045,0.062,0.062,0.055,0.057,0.062,0.062,0.045,0.048,0.055,0.057,0.136,0.136,-0.004,-0.004,-0.004,-0.005",0.363663,64
3.8088,insulator-direct,"a,x4","10.9546,0.831303",aflow:d7291827efdc2c9c,aflowlib.duke.edu:AFLOWDATA/ICSD_WEB/FCC/La2O7Zr2_ICSD_51573,La4O14Zr4,"0,0,0,0,0,0,0,0,0,0,0,0,0,0,0,0,0,0,0,0,0,0",0,56
2.2456,insulator-direct,"a,x4","10.6064,0.408216",aflow:d7d99f26b0f9b5e4,aflowlib.duke.edu:AFLOWDATA/ICSD_WEB/FCC/O7Sn2Y2_ICSD_84803,O14Sn4Y4,"0,0,0,0,0,0,0,0,0,0,0,0,0,0,0,0,0,0,0,0,0,0",0,56
0,metal,"a,x4","10.8224,0.363123",aflow:d7aa254df71619ca,aflowlib.duke.edu:AFLOWDATA/ICSD_WEB/FCC/La2O7Zr2_ICSD_184093,La4O14Zr4,"0,0,0,0,0,0,0,0,0,0,0,0,0,0,0,0,0,0,0,0,0,0",0,56
0,metal,"a,x4","10.4531,0.43274",aflow:d9a6d06689742a20,aflowlib.duke.edu:AFLOWDATA/ICSD_WEB/FCC/Hg2O7Os2_ICSD_159805,Hg4O14Os4,"0.048,0.048,0.046,0.051,0.147,0.163,0.178,0.161,0.183,0.183,0.161,0.178,0.163,0.147,0.183,0.183,0.165,0.165,2.195,2.194,2.219,2.167",0.53022,76
0,metal,"a,x4","10.0821,0.433128",aflow:d93ab2e8e19420a4,aflowlib.duke.edu:AFLOWDATA/ICSD_WEB/FCC/O7V2Yb2_ICSD_32689,O14V4Yb4,"0,0,0,0,0,0,0,0,0,0,0,0,0,0,0,0,0,0,0,0,0,0",0,60
0,metal,"a,x4","10.474,0.835775",aflow:da96040e29db5027,aflowlib.duke.edu:AFLOWDATA/ICSD_WEB/FCC/Gd2Mo2O7_ICSD_159774,Gd4Mo4O14,"7.011,7.013,7.011,7.01,-0.055,-0.053,-0.056,-0.057,-0.01,-0.011,-0.01,-0.01,-0.01,-0.01,-0.01,-0.01,-0.011,-0.01,-0.01,-0.01,-0.041,-0.041",1.26314,64
0,metal,"a,x4","10.4511,0.817522",aflow:dbab413fae29930e,aflowlib.duke.edu:AFLOWDATA/ICSD_WEB/FCC/Hg2O7Os2_ICSD_159809,Hg4O14Os4,"0.048,0.051,0.048,0.046,0.163,0.147,0.183,0.183,0.161,0.177,0.183,0.183,0.147,0.163,0.161,0.177,0.166,0.166,2.195,2.169,2.197,2.221",0.530416,76
0,half-metal,"a,x4","10.3838,0.426343",aflow:dbe2738efe3601bf,aflowlib.duke.edu:AFLOWDATA/ICSD_WEB/FCC/O7Ru2Tl2_ICSD_51158,O14Ru4Tl4,"0.085,0.098,0.101,0.102,0.093,0.104,0.102,0.101,0.098,0.085,0.093,0.104,0.053,0.053,1.631,1.642,1.658,1.645,-0.043,-0.032,-0.023,-0.034",0.36374,72
0,metal,"a,x4","10.8235,0.363195",aflow:dcda1dc86d527c02,aflowlib.duke.edu:AFLOWDATA/ICSD_WEB/FCC/La2O7Zr2_ICSD_184089,La4O14Zr4,"0,0,0,0,0,0,0,0,0,0,0,0,0,0,0,0,0,0,0,0,0,0",0,56
0,metal,"a,x4","10.6955,0.882008",aflow:dda3fbb14b38a63e,aflowlib.duke.edu:AFLOWDATA/ICSD_WEB/FCC/Nd2O7Zr2_ICSD_160164,Nd4O14Zr4,"2.967,2.97,2.963,2.967,-0.025,-0.025,-0.024,-0.022,-0.021,-0.023,-0.022,-0.024,-0.025,-0.025,-0.021,-0.023,-0.017,-0.017,-0.001,-0.001,-0.002,-0.001",0.545099,60
2.2262,insulator-direct,"a,x4","10.615,0.841591",aflow:de4d43bb9330fef3,aflowlib.duke.edu:AFLOWDATA/ICSD_WEB/FCC/O7Sn2Tb2_ICSD_159791,O14Sn4Tb4,"0,0,0,0,0,0,0,0,0,0,0,0,0,0,0,0,0,0,0,0,0,0",0,60
0.8073,insulator-indirect,"a,x4","10.1243,0.419498",aflow:de4894bbdb4936cc,aflowlib.duke.edu:AFLOWDATA/ICSD_WEB/FCC/O7V2Y2_ICSD_160865,O14V4Y4,"-0.026,-0.027,-0.025,-0.025,-0.028,-0.029,-0.025,-0.025,-0.027,-0.026,-0.028,-0.029,0,0,1.044,1.039,1.034,1.039,0.004,0.004,0.005,0.004",0.18171,60
0.2582,insulator-direct,"a,x4","10.3841,0.423479",aflow:df93e7346ab277e8,aflowlib.duke.edu:AFLOWDATA/ICSD_WEB/FCC/Eu2O7Ti2_ICSD_92767,Eu4O14Ti4,"6.241,6.222,6.258,6.24,-0.065,-0.065,-0.067,-0.068,-0.071,-0.07,-0.068,-0.067,-0.065,-0.065,-0.071,-0.07,-0.144,-0.144,0.004,0.003,0.004,0.004",1.09326,56
3.3245,insulator-indirect,"a,x4","10.8214,0.83462",aflow:e09019824e8a6e38,aflowlib.duke.edu:AFLOWDATA/ICSD_WEB/FCC/Nd2O7Zr2_ICSD_261854,Nd4O14Zr4,"2.968,2.969,2.968,2.968,-0.009,-0.009,-0.009,-0.009,-0.009,-0.009,-0.009,-0.009,-0.009,-0.009,-0.009,-0.009,-0.039,-0.039,-0.002,-0.003,-0.002,-0.002",0.545482,60
0,half-metal,"a,x4","10.397,0.41248",aflow:e02b08383d20cea7,aflowlib.duke.edu:AFLOWDATA/ICSD_WEB/FCC/Mo2O7Y2_ICSD_202522,Mo4O14Y4,"1.889,1.888,1.882,1.883,0.009,0.009,-0.015,-0.002,-0.019,-0.03,-0.002,-0.015,0.009,0.009,-0.019,-0.03,-0.001,-0.001,0.019,0.02,0.019,0.019",0.363624,64
6.0824,insulator-indirect,"a,x3,x4","12.6213,0.784081,0.730398",aflow:e01d558b3e5926a9,aflowlib.duke.edu:AFLOWDATA/ICSD_WEB/FCC/C4K2N4Zn1_ICSD_14368,C8K4N8Zn2,"0,0,0,0,0,0,0,0,0,0,0,0,0,0,0,0,0,0,0,0,0,0",0,80
0,metal,"a,x4","10.8269,0.363031",aflow:e03d7a163ce68bfe,aflowlib.duke.edu:AFLOWDATA/ICSD_WEB/FCC/La2O7Zr2_ICSD_184095,La4O14Zr4,"0,0,0,0,0,0,0,0,0,0,0,0,0,0,0,0,0,0,0,0,0,0",0,56
0.3341,insulator-indirect_spin-polarized,"a,x4","9.9139,0.42078",aflow:e18a572823737d87,aflowlib.duke.edu:AFLOWDATA/ICSD_WEB/FCC/Ge2O7Yb2_ICSD_65618,Ge4O14Yb4,"-0.002,-0.002,-0.002,-0.002,0.087,0.087,0.05,0.05,0.054,0.052,0.05,0.052,0.052,0.054,0.05,0.05,0.05,0.052,0.781,0.811,0.751,0.781",0.181568,56
0.1307,insulator-direct,"a,x4","10.7595,0.414503",aflow:e33bad894597acfd,aflowlib.duke.edu:AFLOWDATA/ICSD_WEB/FCC/Eu2O7Zr2_ICSD_173950,Eu4O14Zr4,"6.283,6.3,6.265,6.283,-0.178,-0.178,-0.07,-0.07,-0.074,-0.072,-0.076,-0.078,-0.072,-0.074,-0.07,-0.07,-0.076,-0.078,0.001,0.002,-0.001,0.001",1.09091,56
0,half-metal,"a,x4","10.8959,0.817522",aflow:e777416a43df0db1,aflowlib.duke.edu:AFLOWDATA/ICSD_WEB/FCC/Cu2F6Hg2S1_ICSD_156366,Cu4F12Hg4S2,"0.714,0.728,0.771,0.745,0.086,0.084,0.088,0.089,0.091,0.087,0.089,0.088,0.084,0.086,0.091,0.087,-0.001,-0.001,-0.001,-0.001,-0.002,-0.002",0.182045,56
0.8794,insulator-direct,"a,x4","10.3103,0.834667",aflow:e7d3935cbc89f8e8,aflowlib.duke.edu:AFLOWDATA/ICSD_WEB/FCC/O7Pt2Tl2_ICSD_22215,O14Pt4Tl4,"0,0,0,0,0,0,0,0,0,0,0,0,0,0,0,0,0,0,0,0,0,0",0,64
0.5178,insulator-indirect,"a,x4","10.5124,0.418159",aflow:e8c446b0bfadce7a,aflowlib.duke.edu:AFLOWDATA/ICSD_WEB/FCC/Nd2O7Ru2_ICSD_82304,Nd4O14Ru4,"2.987,2.985,2.988,2.987,0.067,0.067,0.056,0.069,0.064,0.051,0.069,0.056,0.067,0.067,0.064,0.051,-0.04,-0.04,1.69,1.678,1.702,1.69",0.909073,76
3.274,insulator-indirect_spin-polarized,"a,x4","10.3146,0.829216",aflow:e80244ff495280ed,aflowlib.duke.edu:AFLOWDATA/ICSD_WEB/FCC/Gd2O7Ti2_ICSD_150210,Gd4O14Ti4,"7.011,7.01,7.01,7.009,-0.014,-0.014,-0.014,-0.014,-0.014,-0.013,-0.014,-0.014,-0.014,-0.014,-0.014,-0.013,-0.041,-0.041,-0.005,-0.005,-0.005,-0.005",1.27275,56
0.555,insulator-indirect,"a,x4","10.2086,0.839527",aflow:e93e8b4777a3b2a0,aflowlib.duke.edu:AFLOWDATA/ICSD_WEB/FCC/Er2O7Ru2_ICSD_97533,Er4O14Ru4,"0.057,0.058,0.058,0.059,0.068,0.069,0.054,0.066,0.058,0.071,0.066,0.054,0.069,0.068,0.058,0.071,-0.001,-0.001,1.723,1.712,1.712,1.702",0.363641,72
5.8361,insulator-indirect,"a,x3,x4","13.0137,0.222945,0.275014",aflow:ebbc2803b09d67e6,aflowlib.duke.edu:AFLOWDATA/ICSD_WEB/FCC/C4Hg1K2N4_ICSD_23995,C8Hg2K4N8,"0,0,0,0,0,0,0,0,0,0,0,0,0,0,0,0,0,0,0,0,0,0",0,84
3.3524,insulator-indirect,"a,x4","10.8211,0.834604",aflow:ed2e50cbaff96773,aflowlib.duke.edu:AFLOWDATA/ICSD_WEB/FCC/Nd2O7Zr2_ICSD_153227,Nd4O14Zr4,"2.969,2.969,2.969,2.969,-0.01,-0.01,-0.01,-0.01,-0.01,-0.01,-0.01,-0.01,-0.01,-0.01,-0.01,-0.01,-0.041,-0.041,-0.002,-0.002,-0.002,-0.002",0.5454,60
0,metal,"a,x4","10.3437,0.822021",aflow:ef99b96419a9f2da,aflowlib.duke.edu:AFLOWDATA/ICSD_WEB/FCC/Cd2O7Os2_ICSD_155767,Cd4O14Os4,"0.032,0.033,0.032,0.032,0.167,0.148,0.189,0.189,0.165,0.184,0.189,0.189,0.148,0.167,0.165,0.184,0.121,0.121,2.289,2.273,2.289,2.304",0.544935,68
0.2557,insulator-direct,"a,x4","10.3816,0.8267",aflow:ef4b6d3f5efb552a,aflowlib.duke.edu:AFLOWDATA/ICSD_WEB/FCC/Eu2O7Ti2_ICSD_188551,Eu4O14Ti4,"6.244,6.262,6.226,6.244,-0.145,-0.145,-0.066,-0.066,-0.068,-0.069,-0.072,-0.071,-0.069,-0.068,-0.066,-0.066,-0.072,-0.071,0.003,0.004,0.003,0.003",1.09191,56
0.5522,insulator-indirect,"a,x4","10.2931,0.412759",aflow:f011c8cd1c22ea67,aflowlib.duke.edu:AFLOWDATA/ICSD_WEB/FCC/O7Ru2Tb2_ICSD_82305,O14Ru4Tb4,"0.056,0.068,0.071,0.071,0.073,0.061,0.071,0.071,0.068,0.056,0.073,0.061,-0.001,-0.001,1.707,1.696,1.707,1.718,0.046,0.045,0.046,0.046",0.363626,76
3.0035,insulator-direct,"a,x4","10.8862,0.83308",aflow:f1736e95989e5fe1,aflowlib.duke.edu:AFLOWDATA/ICSD_WEB/FCC/Ce2O7Zr2_ICSD_154755,Ce4O14Zr4,"0.975,0.974,0.975,0.975,-0.002,-0.003,-0.003,-0.003,-0.003,-0.002,-0.003,-0.003,-0.003,-0.002,-0.003,-0.002,-0.017,-0.017,-0.001,-0.001,-0.001,-0.001",0.18181,60
0.1483,insulator-direct,"a,x4","10.5508,0.37383",aflow:f1287d45c31c185a,aflowlib.duke.edu:AFLOWDATA/ICSD_WEB/FCC/Gd2O7Zr2_ICSD_160158,Gd4O14Zr4,"7.021,7.019,7.021,7.023,-0.024,-0.025,-0.026,-0.026,-0.026,-0.024,-0.026,-0.026,-0.025,-0.024,-0.026,-0.024,-0.01,-0.01,-0.007,-0.007,-0.007,-0.007",1.27275,56
1.097,insulator-indirect,"a,x4","10.4794,0.821185",aflow:f323238dce7c83d4,aflowlib.duke.edu:AFLOWDATA/ICSD_WEB/FCC/F6Hg2O1Zn2_ICSD_27330,F12Hg4O2Zn4,"0,0,0,0,0,0,0,0,0,0,0,0,0,0,0,0,0,0,0,0,0,0",0,40
2.8475,insulator-direct,"a,x4","10.6767,0.838635",aflow:f3e28f6e1c8493ab,aflowlib.duke.edu:AFLOWDATA/ICSD_WEB/FCC/Gd2O7Zr2_ICSD_188035,Gd4O14Zr4,"7.008,7.009,7.008,7.008,-0.013,-0.013,-0.013,-0.013,-0.013,-0.013,-0.013,-0.013,-0.013,-0.013,-0.013,-0.013,-0.043,-0.043,-0.005,-0.005,-0.005,-0.004",1.27276,56
0,half-metal,"a,x4","10.3491,0.821327",aflow:f52bff077a988da9,aflowlib.duke.edu:AFLOWDATA/ICSD_WEB/FCC/Ca2O7Ru2_ICSD_156409,Ca4O14Ru4,"0.013,0.014,0.013,0.012,0.196,0.167,0.23,0.229,0.192,0.221,0.229,0.23,0.167,0.196,0.192,0.221,0.105,0.105,2.155,2.168,2.155,2.143",0.545259,68
0,half-metal,"a,x4","10.9673,0.406007",aflow:f5968902e36b5a35,aflowlib.duke.edu:AFLOWDATA/ICSD_WEB/FCC/Eu2O7Pb2_ICSD_173951,Eu4O14Pb4,"6.471,6.426,6.471,6.518,-0.364,-0.364,-0.106,-0.099,-0.106,-0.106,-0.095,-0.1,-0.106,-0.106,-0.099,-0.106,-0.095,-0.1,0.006,0.003,0.006,0.008",1.0884,56
0,metal,"a,x4","10.3891,0.833532",aflow:f66fc434b1966cc9,aflowlib.duke.edu:AFLOWDATA/ICSD_WEB/FCC/Bi2O7Rh2_ICSD_161099,Bi4O14Rh4,"0,0,0,0,0,0,0,0,0,0,0,0,0,0,0,0,0,0,0,0,0,0",0,72
3.2934,insulator-indirect,"a,x4","10.2396,0.830824",aflow:f64d5cf500077fc8,aflowlib.duke.edu:AFLOWDATA/ICSD_WEB/FCC/O7Ti2Y2_ICSD_153820,O14Ti4Y4,"0,0,0,0,0,0,0,0,0,0,0,0,0,0,0,0,0,0,0,0,0,0",0,56
1.0695,insulator-indirect,"a,x4","10.5271,0.417986",aflow:f6634255ee31913a,aflowlib.duke.edu:AFLOWDATA/ICSD_WEB/FCC/Bi2O7Pt2_ICSD_202346,Bi4O14Pt4,"0,0,0,0,0,0,0,0,0,0,0,0,0,0,0,0,0,0,0,0,0,0",0,72
0,metal,"a,x4","10.8235,0.363188",aflow:f88ef90cc372ccc8,aflowlib.duke.edu:AFLOWDATA/ICSD_WEB/FCC/La2O7Zr2_ICSD_173795,La4O14Zr4,"0,0,0,0,0,0,0,0,0,0,0,0,0,0,0,0,0,0,0,0,0,0",0,56
0,metal,"a,x4","10.453,0.817262",aflow:f8d2bb6c95a27044,aflowlib.duke.edu:AFLOWDATA/ICSD_WEB/FCC/Hg2O7Os2_ICSD_159803,Hg4O14Os4,"0.048,0.051,0.048,0.046,0.163,0.147,0.183,0.183,0.161,0.178,0.183,0.183,0.147,0.163,0.161,0.178,0.165,0.165,2.194,2.167,2.195,2.219",0.530222,76
0,metal,"a,x4","10.8265,0.363045",aflow:fb2cf5de7bfeafd4,aflowlib.duke.edu:AFLOWDATA/ICSD_WEB/FCC/La2O7Zr2_ICSD_184097,La4O14Zr4,"0,0,0,0,0,0,0,0,0,0,0,0,0,0,0,0,0,0,0,0,0,0",0,56
0,half-metal,"a,x4","10.4993,0.830175",aflow:fb5e653ad146f5aa,aflowlib.duke.edu:AFLOWDATA/ICSD_WEB/FCC/Bi2O7Ru2_ICSD_163387,Bi4O14Ru4,"0.047,0.04,0.047,0.054,0.065,0.057,0.09,0.09,0.072,0.08,0.09,0.09,0.057,0.065,0.072,0.08,0.018,0.018,1.641,1.629,1.639,1.651",0.363623,80
0,half-metal,"a,x4","11.0239,0.841285",aflow:fc92c7b33204e2af,aflowlib.duke.edu:AFLOWDATA/ICSD_WEB/FCC/O7Pr2Te2_ICSD_92444,O14Pr4Te4,"-0.054,-0.054,-0.012,-0.011,-0.012,-0.012,-0.012,-0.011,-0.012,-0.012,-0.011,-0.012,-0.012,-0.011,1.8,2.005,2.213,2.002,0,0,0,0",0.363282,68
2.0808,insulator-indirect,"a,x4","10.5101,0.817131",aflow:fc5c856b81862ae7,aflowlib.duke.edu:AFLOWDATA/ICSD_WEB/FCC/Cd2Nb2O7_ICSD_75603,Cd4Nb4O14,"0,0,0,0,0,0,0,0,0,0,0,0,0,0,0,0,0,0,0,0,0,0",0,56
0,half-metal,"a,x4","10.501,0.419939",aflow:fd36a4e03da909e7,aflowlib.duke.edu:AFLOWDATA/ICSD_WEB/FCC/Bi2O7Ru2_ICSD_78114,Bi4O14Ru4,"0.054,0.04,0.047,0.047,0.072,0.08,0.057,0.065,0.09,0.09,0.065,0.057,0.08,0.072,0.09,0.09,0.018,0.018,1.651,1.629,1.641,1.639",0.363627,80
0,metal,"a,x4","11.1896,0.424351",aflow:fdb582af48e4bdcf,aflowlib.duke.edu:AFLOWDATA/ICSD_WEB/FCC/F6Hg2Mn2S1_ICSD_27328,F12Hg4Mn4S2,"0.034,0.035,0.035,0.035,0.034,0.034,0.035,0.035,0.035,0.034,0.034,0.034,0.005,0.005,0.005,0.005,4.7,4.699,4.699,4.698,0.007,0.007",0.908771,68
0,half-metal,"a,x4","10.0938,0.826237",aflow:fd865c4494a956af,aflowlib.duke.edu:AFLOWDATA/ICSD_WEB/FCC/Mn2O7Tl2_ICSD_83269,Mn4O14Tl4,"3.267,3.278,3.278,3.289,0.09,0.09,-0.141,-0.141,-0.139,-0.139,-0.135,-0.135,-0.139,-0.139,-0.141,-0.141,-0.135,-0.135,0.045,0.045,0.045,0.046",0.545597,68
3.0986,insulator-indirect,"a,x4","10.1688,0.832988",aflow:fe2822c889b909a2,aflowlib.duke.edu:AFLOWDATA/ICSD_WEB/FCC/Er2O7Ti2_ICSD_164022,Er4O14Ti4,"0,0,0,0,0,0,0,0,0,0,0,0,0,0,0,0,0,0,0,0,0,0",0,56
0,metal,"a,x4","10.3427,0.822017",aflow:fe6cc4a8c4c4aa80,aflowlib.duke.edu:AFLOWDATA/ICSD_WEB/FCC/Cd2O7Os2_ICSD_155768,Cd4O14Os4,"0.032,0.032,0.033,0.032,0.167,0.148,0.165,0.184,0.189,0.189,0.184,0.165,0.148,0.167,0.189,0.189,0.121,0.121,2.288,2.289,2.273,2.304",0.544938,68
1.2928,insulator-indirect_spin-polarized,"a,x4","10.2867,0.410086",aflow:ff2f0f54ae83f57a,aflowlib.duke.edu:AFLOWDATA/ICSD_WEB/FCC/Er2O7Tc2_ICSD_109081,Er4O14Tc4,"0.071,0.072,0.071,0.071,0.05,0.062,0.057,0.07,0.071,0.07,0.07,0.057,0.062,0.05,0.071,0.07,0.002,0.002,2.59,2.591,2.591,2.591",0.545477,68
0,metal,"a,x4","10.2521,0.419675",aflow:fff14b2a55a9b707,aflowlib.duke.edu:AFLOWDATA/ICSD_WEB/FCC/O7Ru2Yb2_ICSD_82306,O14Ru4Yb4,"0.134,0.148,0.136,0.123,0.148,0.149,0.123,0.136,0.148,0.134,0.148,0.149,-0.074,-0.074,1.921,1.921,1.894,1.96,-0.42,-0.42,-0.5,-0.338",0.357385,72
