aflow_prototype_params_list_relax,aflow_prototype_params_values_relax,auid,aurl,composition,compound,density,energy_atom,enthalpy_atom,natoms,spin_atom,Egap,Egap_type,spinD,valence_cell_iupac,ael_bulk_modulus_vrh,ael_debye_temperature,ael_poisson_ratio,ael_shear_modulus_vrh,ael_youngs_modulus_vrh,agl_debye,agl_thermal_conductivity_300K,agl_thermal_expansion_300K
"a,x4","10.7535,0.412346",aflow:02b83be6fa45621f,aflowlib.duke.edu:AFLOWDATA/ICSD_WEB/FCC/Eu2O7Sn2_ICSD_165931,"4,14,4",Eu4O14Sn4,6.97914,-7.60395,-7.60395,22,1.09092,0.1191,insulator-direct,"6.255,6.255,6.277,6.232,-0.064,-0.064,-0.067,-0.066,-0.063,-0.063,-0.066,-0.067,-0.064,-0.064,-0.063,-0.063,-0.181,-0.181,0,0,0,0.001",56.0,,,,,,,,
"a,x4","10.615,0.408404",aflow:03cafe802be14a86,aflowlib.duke.edu:AFLOWDATA/ICSD_WEB/FCC/O7Sn2Tb2_ICSD_159789,"14,4,4",O14Sn4Tb4,7.41062,-7.11238,-7.11238,22,0.0,2.2263,insulator-direct,"0,0,0,0,0,0,0,0,0,0,0,0,0,0,0,0,0,0,0,0,0,0",60.0,,,,,,,,
"a,x4","10.8226,0.363095",aflow:062a523c2f69593e,aflowlib.duke.edu:AFLOWDATA/ICSD_WEB/FCC/La2O7Zr2_ICSD_184090,"4,14,4",La4O14Zr4,5.99694,-8.53523,-8.53523,22,0.0,0.0,metal,"0,0,0,0,0,0,0,0,0,0,0,0,0,0,0,0,0,0,0,0,0,0",56.0,,,,,,,,
"a,x4","10.4531,0.817257",aflow:0772a1c8b599cae6,aflowlib.duke.edu:AFLOWDATA/ICSD_WEB/FCC/Hg2O7Os2_ICSD_159800,"4,14,4",Hg4O14Os4,10.3929,-5.47961,-5.47961,22,0.53022,0.0,metal,"0.048,0.051,0.048,0.046,0.163,0.147,0.183,0.183,0.161,0.178,0.183,0.183,0.147,0.163,0.161,0.178,0.165,0.165,2.194,2.167,2.195,2.219",76.0,,,,,,,,
"a,x3,x4","12.6758,0.784033,0.73059",aflow:078ec14056edbac6,aflowlib.duke.edu:AFLOWDATA/ICSD_WEB/FCC/C4K2N4Zn1_ICSD_23993,"8,4,8,2",C8K4N8Zn2,1.61528,-6.79284,-6.79284,22,0.0,6.0946,insulator-indirect,"0,0,0,0,0,0,0,0,0,0,0,0,0,0,0,0,0,0,0,0,0,0",80.0,,,,,,,,
"a,x4","10.5101,0.432883",aflow:09ff0d09d272bd58,aflowlib.duke.edu:AFLOWDATA/ICSD_WEB/FCC/Cd2Nb2O7_ICSD_75602,"4,4,14",Cd4Nb4O14,5.98009,-6.96766,-6.96766,22,0.0,2.0808,insulator-indirect,"0,0,0,0,0,0,0,0,0,0,0,0,0,0,0,0,0,0,0,0,0,0",56.0,,,,,,,,
"a,x4","10.7593,0.412651",aflow:0b10e0843fba0a6d,aflowlib.duke.edu:AFLOWDATA/ICSD_WEB/FCC/Eu2O7Sn2_ICSD_84754,"4,14,4",Eu4O14Sn4,6.96777,-7.60371,-7.60371,22,1.09084,0.1091,insulator-direct,"6.257,6.257,6.28,6.234,-0.067,-0.067,-0.065,-0.065,-0.063,-0.063,-0.065,-0.065,-0.067,-0.067,-0.063,-0.063,-0.181,-0.181,0,0,0,0.001",56.0,,,,,,,,
"a,x4","9.9871,0.831675",aflow:0d1208a0e9f34861,aflowlib.duke.edu:AFLOWDATA/ICSD_WEB/FCC/Er2Mn2O7_ICSD_202517,"4,4,14",Er4Mn4O14,7.41997,-7.79849,-7.79849,22,0.545491,0.9107,insulator-indirect,"0.044,0.043,0.043,0.041,3.245,3.247,3.248,3.25,-0.008,-0.008,-0.095,-0.095,-0.102,-0.106,-0.097,-0.101,-0.106,-0.102,-0.095,-0.095,-0.097,-0.101",68.0,,,,,,,,
"a,x4","10.5206,0.421238",aflow:0e516a9b5a44c7c6,aflowlib.duke.edu:AFLOWDATA/ICSD_WEB/FCC/O7Pr2Ru2_ICSD_78123,"14,4,4",O14Pr4Ru4,6.79873,-7.3744,-7.3744,22,0.727256,0.422,insulator-indirect,"0.075,0.074,0.063,0.076,0.057,0.069,0.076,0.063,0.074,0.075,0.057,0.069,-0.032,-0.032,2.005,2.006,2.006,2.006,1.666,1.678,1.678,1.69",76.0,,,,,,,,
"a,x4","10.9692,0.833368",aflow:0e780d73b1b4da8f,aflowlib.duke.edu:AFLOWDATA/ICSD_WEB/FCC/La2O7Sn2_ICSD_82956,"4,14,4",La4O14Sn4,6.31256,-7.06214,-7.06214,22,0.0,2.0896,insulator-direct,"0,0,0,0,0,0,0,0,0,0,0,0,0,0,0,0,0,0,0,0,0,0",56.0,,,,,,,,
"a,x4","10.7416,0.437266",aflow:10a6f530f72927cb,aflowlib.duke.edu:AFLOWDATA/ICSD_WEB/FCC/O7Sn2Ta2_ICSD_27119,"14,4,4",O14Sn4Ta4,7.62363,-7.95561,-7.95561,22,0.0,1.6339,insulator-indirect,"0,0,0,0,0,0,0,0,0,0,0,0,0,0,0,0,0,0,0,0,0,0",64.0,,,,,,,,
"a,x4","10.8233,0.886918",aflow:114c41b16be2e44f,aflowlib.duke.edu:AFLOWDATA/ICSD_WEB/FCC/La2O7Zr2_ICSD_184091,"4,14,4",La4O14Zr4,5.99581,-8.53523,-8.53523,22,0.0,0.0,metal,"0,0,0,0,0,0,0,0,0,0,0,0,0,0,0,0,0,0,0,0,0,0",56.0,,,,,,,,
"a,x4","10.8637,0.421529",aflow:11c9372b0f238e69,aflowlib.duke.edu:AFLOWDATA/ICSD_WEB/FCC/Hf2La2O7_ICSD_236209,"4,4,14",Hf4La4O14,7.73747,-9.3467,-9.3467,22,0.0,4.4659,insulator-direct,"0,0,0,0,0,0,0,0,0,0,0,0,0,0,0,0,0,0,0,0,0,0",56.0,,,,,,,,
"a,x4","10.5348,0.817043",aflow:11506721a61caf80,aflowlib.duke.edu:AFLOWDATA/ICSD_WEB/FCC/Ca2Nb2O7_ICSD_72206,"4,4,14",Ca4Nb4O14,4.29451,-8.01923,-8.01923,22,0.0,1.7737,insulator-direct,"0,0,0,0,0,0,0,0,0,0,0,0,0,0,0,0,0,0,0,0,0,0",56.0,,,,,,,,
"a,x4","10.453,0.817262",aflow:121f0ee16c60c90a,aflowlib.duke.edu:AFLOWDATA/ICSD_WEB/FCC/Hg2O7Os2_ICSD_159804,"4,14,4",Hg4O14Os4,10.3931,-5.47961,-5.47961,22,0.530222,0.0,metal,"0.048,0.051,0.048,0.046,0.163,0.147,0.183,0.183,0.161,0.178,0.183,0.183,0.147,0.163,0.161,0.178,0.165,0.165,2.194,2.167,2.195,2.219",76.0,,,,,,,,
"a,x4","10.563,0.843012",aflow:13ad7152ee2bada8,aflowlib.duke.edu:AFLOWDATA/ICSD_WEB/FCC/Ho2O7Sn2_ICSD_82961,"4,14,4",Ho4O14Sn4,7.65603,-7.10373,-7.10373,22,0.0,2.1953,insulator-direct,"0,0,0,0,0,0,0,0,0,0,0,0,0,0,0,0,0,0,0,0,0,0",56.0,161.428,466.293,0.268858,88.2199,223.877,469.877,4.25834,3.75956e-05
"a,x4","10.5024,0.419969",aflow:13424be793e4ee26,aflowlib.duke.edu:AFLOWDATA/ICSD_WEB/FCC/Bi2O7Ru2_ICSD_73787,"4,14,4",Bi4O14Ru4,8.39541,-6.13347,-6.13347,22,0.363628,0.0,half-metal,"0.054,0.04,0.047,0.047,0.072,0.08,0.057,0.065,0.09,0.09,0.065,0.057,0.08,0.072,0.09,0.09,0.018,0.018,1.651,1.629,1.641,1.64",80.0,,,,,,,,
"a,x4","10.8447,0.834962",aflow:140d3e2656d49b94,aflowlib.duke.edu:AFLOWDATA/ICSD_WEB/FCC/Bi2O7Sn2_ICSD_50311,"4,14,4",Bi4O14Sn4,7.99231,-5.90772,-5.90772,22,0.0,2.6269,insulator-indirect,"0,0,0,0,0,0,0,0,0,0,0,0,0,0,0,0,0,0,0,0,0,0",64.0,146.417,386.678,0.302113,66.7544,173.844,389.854,2.57219,4.20948e-05
"a,x4","10.7365,0.418368",aflow:14d786d35c76cb0f,aflowlib.duke.edu:AFLOWDATA/ICSD_WEB/FCC/Hf2Nd2O7_ICSD_236210,"4,4,14",Hf4Nd4O14,8.13024,-9.69325,-9.69325,22,0.545505,3.7692,insulator-indirect,"-0.003,-0.003,-0.003,-0.003,2.968,2.967,2.968,2.968,-0.009,-0.009,-0.009,-0.009,-0.009,-0.009,-0.009,-0.009,-0.009,-0.009,-0.009,-0.009,-0.039,-0.039",60.0,,,,,,,,
"a,x4","10.4576,0.833735",aflow:148bf06809f995c0,aflowlib.duke.edu:AFLOWDATA/ICSD_WEB/FCC/Ca2F1O6Ta2_ICSD_50048,"4,2,12,4",Ca4F2O12Ta4,6.47054,-8.1495,-8.1495,22,0.0902556,0.0,metal,"0.01,0.01,0.01,0.01,0.002,0.002,0.017,0.016,0.015,0.015,0.018,0.017,0.017,0.016,0.017,0.018,0.015,0.015,0.26,0.304,0.307,0.354",54.0,,,,,,,,
"a,x4","10.0566,0.41755",aflow:15306e405a40d418,aflowlib.duke.edu:AFLOWDATA/ICSD_WEB/FCC/Er2O7V2_ICSD_160866,"4,14,4",Er4O14V4,7.16276,-8.20866,-8.20866,22,0.181812,0.8473,insulator-indirect,"0.006,0.008,0.007,0.007,-0.028,-0.028,-0.026,-0.026,-0.025,-0.025,-0.026,-0.026,-0.028,-0.028,-0.025,-0.025,0,0,1.042,1.031,1.037,1.037",60.0,,,,,,,,
"a,x4","10.855,0.414142",aflow:151fad1cd73ac6ff,aflowlib.duke.edu:AFLOWDATA/ICSD_WEB/FCC/O7Pr2Sn2_ICSD_84744,"14,4,4",O14Pr4Sn4,6.55556,-7.22882,-7.22882,22,0.363631,2.1716,insulator-direct,"-0.008,-0.007,-0.007,-0.007,-0.008,-0.008,-0.007,-0.007,-0.007,-0.008,-0.008,-0.008,-0.031,-0.031,1.987,1.987,1.987,1.987,0.001,0.001,0.001,0.001",60.0,,,,,,,,
"a,x4","10.3427,0.822018",aflow:15ae777e26b8ed99,aflowlib.duke.edu:AFLOWDATA/ICSD_WEB/FCC/Cd2O7Os2_ICSD_155771,"4,14,4",Cd4O14Os4,8.61175,-5.83499,-5.83499,22,0.544937,0.0,metal,"0.032,0.033,0.032,0.032,0.167,0.148,0.189,0.189,0.165,0.184,0.189,0.189,0.148,0.167,0.165,0.184,0.121,0.121,2.288,2.273,2.289,2.304",68.0,,,,,,,,
"a,x4","13.1038,0.401451",aflow:191150f658e2756f,aflowlib.duke.edu:AFLOWDATA/LIB3_WEB/PPb_dSb/ICSD_27120.ABC,"14,4,4",P14Pb4Sb4,5.16436,-4.17371,-4.17371,22,0.0,,,,,,,,,,,,
"a,x4","12.1707,0.4114",aflow:198820f801249ded,aflowlib.duke.edu:AFLOWDATA/LIB3_WEB/PPtSb/ICSD_108965.ABC,"14,4,4",P14Pt4Sb4,6.26702,-5.07542,-5.07542,22,0.0,,,,,,,,,,,,
"a,x4","10.2515,0.419145",aflow:1a1f97538dbfcd5d,aflowlib.duke.edu:AFLOWDATA/ICSD_WEB/FCC/O7Tb2Ti2_ICSD_159782,"14,4,4",O14Tb4Ti4,6.48135,-8.27693,-8.27693,22,0.0,3.2958,insulator-indirect,"0,0,0,0,0,0,0,0,0,0,0,0,0,0,0,0,0,0,0,0,0,0",60.0,,,,,,,,
"a,x4","10.8866,0.833166",aflow:1b18bb6ddec219e1,aflowlib.duke.edu:AFLOWDATA/ICSD_WEB/FCC/Ce2O7Zr2_ICSD_168600,"4,14,4",Ce4O14Zr4,5.91672,-9.00724,-9.00724,22,0.18181,2.9911,insulator-direct,"0.975,0.974,0.975,0.975,-0.017,-0.017,-0.002,-0.003,-0.003,-0.003,-0.003,-0.002,-0.003,-0.003,-0.003,-0.002,-0.003,-0.002,-0.001,-0.001,-0.001,-0.001",60.0,,,,,,,,
"a,x4","10.4531,0.817257",aflow:1b8f86be95bc181e,aflowlib.duke.edu:AFLOWDATA/ICSD_WEB/FCC/Hg2O7Os2_ICSD_159797,"4,14,4",Hg4O14Os4,10.3928,-5.47961,-5.47961,22,0.53022,0.0,metal,"0.048,0.051,0.048,0.046,0.163,0.147,0.183,0.183,0.161,0.178,0.183,0.183,0.147,0.163,0.161,0.178,0.165,0.165,2.194,2.167,2.195,2.219",76.0,,,,,,,,
"a,x4","10.6808,0.839982",aflow:1bd337a4b406d822,aflowlib.duke.edu:AFLOWDATA/ICSD_WEB/FCC/Gd2O7Sn2_ICSD_84753,"4,14,4",Gd4O14Sn4,7.23794,-8.76022,-8.76022,22,1.27273,2.1547,insulator-direct,"7.009,7.011,7.011,7.013,-0.016,-0.016,-0.015,-0.015,-0.016,-0.016,-0.015,-0.015,-0.016,-0.016,-0.016,-0.016,-0.043,-0.043,-0.001,-0.001,-0.001,-0.001",56.0,156.244,462.877,0.271976,84.0285,213.765,464.846,4.03794,3.80546e-05
"a,x4","10.509,0.432754",aflow:1cb434fbbae8abfa,aflowlib.duke.edu:AFLOWDATA/ICSD_WEB/FCC/Cd2Nb2O7_ICSD_9714,"4,4,14",Cd4Nb4O14,5.98209,-6.9677,-6.9677,22,0.0,2.0812,insulator-indirect,"0,0,0,0,0,0,0,0,0,0,0,0,0,0,0,0,0,0,0,0,0,0",56.0,,,,,,,,
"a,x4","10.2423,0.830875",aflow:1df6f77ee78226a6,aflowlib.duke.edu:AFLOWDATA/ICSD_WEB/FCC/O7Ti2Y2_ICSD_15633,"14,4,4",O14Ti4Y4,4.76758,-8.59565,-8.59565,22,0.0,3.289,insulator-indirect,"0,0,0,0,0,0,0,0,0,0,0,0,0,0,0,0,0,0,0,0,0,0",56.0,,,,,,,,
"a,x4","10.1665,0.831106",aflow:20c791ce08b3aaab,aflowlib.duke.edu:AFLOWDATA/ICSD_WEB/FCC/Co2O7Sb2_ICSD_247302,"4,14,4",Co4O14Sb4,5.98438,-5.95436,-5.95436,22,0.545441,0.9008,insulator-indirect,"2.817,2.818,2.817,2.816,0.024,0.023,0.023,0.023,0.023,0.024,0.023,0.023,0.023,0.024,0.023,0.024,0.088,0.088,0.002,0.002,0.002,0.002",68.0,153.906,537.441,0.267117,84.8588,215.052,561.802,3.85683,4.31175e-05
"a,x4","10.5017,0.838027",aflow:213fbef41f8612df,aflowlib.duke.edu:AFLOWDATA/ICSD_WEB/FCC/Dy2Hf2O7_ICSD_162004,"4,4,14",Dy4Hf4O14,9.10692,-9.37413,-9.37413,22,0.0,3.2266,insulator-indirect,"0,0,0,0,0,0,0,0,0,0,0,0,0,0,0,0,0,0,0,0,0,0",60.0,173.039,451.486,0.263349,97.2411,245.699,473.059,5.90862,3.03805e-05
"a,x4","10.3439,0.427989",aflow:22f5cb84ee0d48e7,aflowlib.duke.edu:AFLOWDATA/ICSD_WEB/FCC/Cd2O7Os2_ICSD_155765,"4,14,4",Cd4O14Os4,8.6088,-5.83499,-5.83499,22,0.54494,0.0,metal,"0.033,0.032,0.032,0.032,0.148,0.167,0.189,0.189,0.165,0.184,0.189,0.189,0.167,0.148,0.165,0.184,0.121,0.121,2.273,2.289,2.304,2.289",68.0,,,,,,,,
"a,x4","10.3749,0.819842",aflow:2244fd8fc6042b21,aflowlib.duke.edu:AFLOWDATA/ICSD_WEB/FCC/Cd2O7Re2_ICSD_28445,"4,14,4",Cd4O14Re4,8.43657,-6.39711,-6.39711,22,0.363636,0.0,half-metal,"0.023,0.021,0.019,0.021,0.024,0.01,0.062,0.062,0.044,0.029,0.062,0.062,0.01,0.024,0.044,0.029,0.017,0.017,1.883,1.842,1.801,1.845",64.0,,,,,,,,
"a,x4","10.2514,0.419154",aflow:23120c71c0b95db2,aflowlib.duke.edu:AFLOWDATA/ICSD_WEB/FCC/O7Tb2Ti2_ICSD_159785,"14,4,4",O14Tb4Ti4,6.48162,-8.27694,-8.27694,22,0.0,3.296,insulator-indirect,"0,0,0,0,0,0,0,0,0,0,0,0,0,0,0,0,0,0,0,0,0,0",60.0,,,,,,,,
"a,x4","10.1389,0.83264",aflow:2351290d30c636b9,aflowlib.duke.edu:AFLOWDATA/ICSD_WEB/FCC/O7Ti2Yb2_ICSD_186196,"14,4,4",O14Ti4Yb4,7.0595,-7.2334,-7.2334,22,-0.181462,0.0816,insulator-direct,"-0.058,-0.058,-0.064,-0.065,-0.06,-0.06,-0.065,-0.064,-0.058,-0.058,-0.06,-0.06,-0.095,-0.095,0.009,0.009,0.008,0.008,-0.723,-0.744,-0.745,-0.767",56.0,,,,,,,,
"a,x4","10.9524,0.831232",aflow:230367ea2c50156c,aflowlib.duke.edu:AFLOWDATA/ICSD_WEB/FCC/La2O7Zr2_ICSD_154752,"4,14,4",La4O14Zr4,5.78618,-8.96011,-8.96011,22,0.0,3.8174,insulator-direct,"0,0,0,0,0,0,0,0,0,0,0,0,0,0,0,0,0,0,0,0,0,0",56.0,,,,,,,,
"a,x4","10.9503,0.418758",aflow:247bbd3ebc05c5d2,aflowlib.duke.edu:AFLOWDATA/ICSD_WEB/FCC/La2O7Zr2_ICSD_153222,"4,14,4",La4O14Zr4,5.78956,-8.96009,-8.96009,22,0.0,3.8182,insulator-direct,"0,0,0,0,0,0,0,0,0,0,0,0,0,0,0,0,0,0,0,0,0,0",56.0,,,,,,,,
"a,x4","10.5356,0.817428",aflow:2507c8eba74d0028,aflowlib.duke.edu:AFLOWDATA/ICSD_WEB/FCC/Cd2O7Ta2_ICSD_77061,"4,14,4",Cd4O14Ta4,7.93697,-7.38323,-7.38323,22,0.0,2.1164,insulator-indirect,"0,0,0,0,0,0,0,0,0,0,0,0,0,0,0,0,0,0,0,0,0,0",56.0,,,,,,,,
"a,x4","10.2422,0.419285",aflow:263678ba745fc81c,aflowlib.duke.edu:AFLOWDATA/ICSD_WEB/FCC/O7Ti2Y2_ICSD_24206,"14,4,4",O14Ti4Y4,4.7677,-8.59564,-8.59564,22,0.0,3.2951,insulator-indirect,"0,0,0,0,0,0,0,0,0,0,0,0,0,0,0,0,0,0,0,0,0,0",56.0,,,,,,,,
"a,x4","10.2211,0.892333",aflow:27893b56ecab0821,aflowlib.duke.edu:AFLOWDATA/ICSD_WEB/FCC/Cd2Nb2O7_ICSD_33672,"4,4,14",Cd4Nb4O14,6.50184,-6.68657,-6.68657,22,0.0,1.9621,insulator-indirect,"0,0,0,0,0,0,0,0,0,0,0,0,0,0,0,0,0,0,0,0,0,0",56.0,181.711,415.209,0.361121,55.6214,151.415,435.886,2.66189,3.44397e-05
"a,x4","10.8361,0.415836",aflow:287347360975e3fa,aflowlib.duke.edu:AFLOWDATA/ICSD_WEB/FCC/O7Pr2Zr2_ICSD_150207,"14,4,4",O14Pr4Zr4,6.01635,-9.12397,-9.12397,22,0.36356,3.4291,insulator-direct,"-0.007,-0.007,-0.007,-0.007,-0.007,-0.007,-0.007,-0.007,-0.007,-0.007,-0.007,-0.007,-0.032,-0.032,1.987,1.987,1.986,1.987,0,0,0,0",60.0,,,,,,,,
"a,x4","9.518,0.821494",aflow:2859f7f97921edc5,aflowlib.duke.edu:AFLOWDATA/ICSD_WEB/FCC/In2O7Si2_ICSD_1458,"4,14,4",In4O14Si4,6.12875,-6.77045,-6.77045,22,0.0,1.9383,insulator-indirect,"0,0,0,0,0,0,0,0,0,0,0,0,0,0,0,0,0,0,0,0,0,0",56.0,,,,,,,,
"a,x4","10.4824,0.838738",aflow:2abe19acdd8fcd02,aflowlib.duke.edu:AFLOWDATA/ICSD_WEB/FCC/Hf2Ho2O7_ICSD_162005,"4,4,14",Hf4Ho4O14,9.21326,-9.36745,-9.36745,22,0.0,3.1166,insulator-indirect,"0,0,0,0,0,0,0,0,0,0,0,0,0,0,0,0,0,0,0,0,0,0",56.0,171.933,448.315,0.263298,96.6444,244.181,471.953,5.91332,3.0352e-05
"a,x4","10.2424,0.830772",aflow:2b22c02fd653163d,aflowlib.duke.edu:AFLOWDATA/ICSD_WEB/FCC/O7Ti2Y2_ICSD_42702,"14,4,4",O14Ti4Y4,4.76732,-8.59561,-8.59561,22,0.0,3.2925,insulator-indirect,"0,0,0,0,0,0,0,0,0,0,0,0,0,0,0,0,0,0,0,0,0,0",56.0,,,,,,,,
"a,x4","10.6153,0.408392",aflow:2db3dbc9b38c36d7,aflowlib.duke.edu:AFLOWDATA/ICSD_WEB/FCC/O7Sn2Tb2_ICSD_159790,"14,4,4",O14Sn4Tb4,7.40993,-7.11239,-7.11239,22,0.0,2.2249,insulator-direct,"0,0,0,0,0,0,0,0,0,0,0,0,0,0,0,0,0,0,0,0,0,0",60.0,,,,,,,,
"a,x4","10.6037,0.408209",aflow:2e0f15e68d17a377,aflowlib.duke.edu:AFLOWDATA/ICSD_WEB/FCC/O7Sn2Y2_ICSD_84805,"14,4,4",O14Sn4Y4,5.87398,-7.43094,-7.43094,22,0.0,2.2508,insulator-direct,"0,0,0,0,0,0,0,0,0,0,0,0,0,0,0,0,0,0,0,0,0,0",56.0,,,,,,,,
"a,x4","10.5,0.419893",aflow:2f1d5517583903d3,aflowlib.duke.edu:AFLOWDATA/ICSD_WEB/FCC/Bi2O7Ru2_ICSD_166567,"4,14,4",Bi4O14Ru4,8.40117,-6.13344,-6.13344,22,0.363626,0.0,half-metal,"0.047,0.04,0.047,0.054,0.057,0.065,0.09,0.09,0.08,0.072,0.09,0.09,0.065,0.057,0.08,0.072,0.018,0.018,1.641,1.629,1.639,1.65",80.0,,,,,,,,
"a,x4","10.3363,0.820449",aflow:30fa88014dbc0ad5,aflowlib.duke.edu:AFLOWDATA/ICSD_WEB/FCC/Cd2O7Tc2_ICSD_180008,"4,14,4",Cd4O14Tc4,6.4313,-5.89121,-5.89121,22,0.363774,0.0,half-metal,"0.015,0.014,0.016,0.017,0.011,-0.019,0.057,0.056,0.007,0.036,0.056,0.057,-0.019,0.011,0.007,0.036,-0.021,-0.021,1.809,1.78,1.812,1.84",64.0,,,,,,,,
"a,x4","10.2396,0.830948",aflow:31b61379d4fb0fc3,aflowlib.duke.edu:AFLOWDATA/ICSD_WEB/FCC/O7Ti2Y2_ICSD_93770,"14,4,4",O14Ti4Y4,4.77134,-8.5956,-8.5956,22,0.0,3.2888,insulator-indirect,"0,0,0,0,0,0,0,0,0,0,0,0,0,0,0,0,0,0,0,0,0,0",56.0,,,,,,,,
"a,x4","10.6183,0.813547",aflow:3194a3cbf41303b8,aflowlib.duke.edu:AFLOWDATA/ICSD_WEB/FCC/Hg2Nb2O7_ICSD_22226,"4,4,14",Hg4Nb4O14,7.75602,-6.61068,-6.61068,22,0.0,0.5345,insulator-indirect,"0,0,0,0,0,0,0,0,0,0,0,0,0,0,0,0,0,0,0,0,0,0",64.0,,,,,,,,
"a,x4","10.5105,0.817094",aflow:32b9e9ca9bb557c5,aflowlib.duke.edu:AFLOWDATA/ICSD_WEB/FCC/Cd2Nb2O7_ICSD_168998,"4,4,14",Cd4Nb4O14,5.97942,-6.96766,-6.96766,22,0.0,2.0805,insulator-indirect,"0,0,0,0,0,0,0,0,0,0,0,0,0,0,0,0,0,0,0,0,0,0",56.0,,,,,,,,
"a,x4","10.82,0.415362",aflow:34577a021bcc3bf6,aflowlib.duke.edu:AFLOWDATA/ICSD_WEB/FCC/Nd2O7Zr2_ICSD_62793,"4,14,4",Nd4O14Zr4,6.11306,-9.29553,-9.29553,22,0.545393,3.3495,insulator-indirect,"2.969,2.969,2.969,2.969,-0.041,-0.041,-0.01,-0.01,-0.01,-0.01,-0.01,-0.01,-0.01,-0.01,-0.01,-0.01,-0.01,-0.01,-0.002,-0.002,-0.002,-0.002",60.0,,,,,,,,
"a,x4","10.2516,0.419245",aflow:35df7b9dd18ee3cd,aflowlib.duke.edu:AFLOWDATA/ICSD_WEB/FCC/O7Tb2Ti2_ICSD_159784,"14,4,4",O14Tb4Ti4,6.48125,-8.27694,-8.27694,22,0.0,3.2993,insulator-indirect,"0,0,0,0,0,0,0,0,0,0,0,0,0,0,0,0,0,0,0,0,0,0",60.0,,,,,,,,
"a,x4","10.4521,0.432405",aflow:36c928c62270d974,aflowlib.duke.edu:AFLOWDATA/ICSD_WEB/FCC/Hg2O7Os2_ICSD_159802,"4,14,4",Hg4O14Os4,10.3959,-5.47952,-5.47952,22,0.53054,0.0,metal,"0.048,0.048,0.046,0.051,0.161,0.177,0.163,0.147,0.183,0.182,0.147,0.163,0.177,0.161,0.183,0.182,0.166,0.166,2.196,2.198,2.222,2.17",76.0,,,,,,,,
"a,x4","10.3439,0.822008",aflow:377b19b09bf04cd6,aflowlib.duke.edu:AFLOWDATA/ICSD_WEB/FCC/Cd2O7Os2_ICSD_155763,"4,14,4",Cd4O14Os4,8.60875,-5.83499,-5.83499,22,0.544941,0.0,metal,"0.032,0.032,0.032,0.033,0.189,0.189,0.167,0.148,0.184,0.165,0.148,0.167,0.189,0.189,0.184,0.165,0.121,0.121,2.304,2.289,2.289,2.273",68.0,,,,,,,,
"a,x4","10.5107,0.831809",aflow:3738d8faeea43080,aflowlib.duke.edu:AFLOWDATA/ICSD_WEB/FCC/Nd2O7Ru2_ICSD_78133,"4,14,4",Nd4O14Ru4,6.89427,-7.61767,-7.61767,22,0.90913,0.5163,insulator-indirect,"2.987,2.986,2.988,2.987,0.067,0.067,0.064,0.051,0.056,0.069,0.051,0.064,0.067,0.067,0.056,0.069,-0.041,-0.041,1.689,1.678,1.701,1.69",76.0,,,,,,,,
"a,x4","10.9715,0.833341",aflow:39d6247fa8017e9a,aflowlib.duke.edu:AFLOWDATA/ICSD_WEB/FCC/La2O7Sn2_ICSD_167144,"4,14,4",La4O14Sn4,6.30861,-7.06214,-7.06214,22,0.0,2.0855,insulator-direct,"0,0,0,0,0,0,0,0,0,0,0,0,0,0,0,0,0,0,0,0,0,0",56.0,,,,,,,,
"a,x4","10.4525,0.817264",aflow:3a61baf6dcbf9163,aflowlib.duke.edu:AFLOWDATA/ICSD_WEB/FCC/Hg2O7Os2_ICSD_159807,"4,14,4",Hg4O14Os4,10.3948,-5.47961,-5.47961,22,0.530205,0.0,metal,"0.051,0.048,0.048,0.046,0.183,0.183,0.161,0.178,0.147,0.163,0.178,0.161,0.183,0.183,0.147,0.163,0.165,0.165,2.167,2.195,2.194,2.219",76.0,,,,,,,,
"a,x4","10.054,0.419891",aflow:3a4a6876faf133b0,aflowlib.duke.edu:AFLOWDATA/ICSD_WEB/FCC/Mn2O7Y2_ICSD_202516,"4,14,4",Mn4O14Y4,5.22444,-8.10328,-8.10328,22,0.545395,0.8556,insulator-indirect,"3.259,3.261,3.258,3.259,-0.008,-0.008,-0.098,-0.098,-0.105,-0.109,-0.104,-0.1,-0.109,-0.105,-0.098,-0.098,-0.104,-0.1,0.022,0.022,0.023,0.022",68.0,175.067,643.793,0.252137,103.964,260.355,626.856,4.72584,4.22069e-05
"a,x4","10.2314,0.838808",aflow:3add5c3f5522b969,aflowlib.duke.edu:AFLOWDATA/ICSD_WEB/FCC/Ho2O7Ru2_ICSD_96730,"4,14,4",Ho4O14Ru4,7.98764,-7.36749,-7.36749,22,0.363642,0.5524,insulator-indirect,"0.054,0.054,0.054,0.055,0.069,0.07,0.059,0.072,0.054,0.067,0.072,0.059,0.07,0.069,0.054,0.067,-0.001,-0.001,1.721,1.71,1.71,1.7",72.0,189.472,477.496,0.293876,90.5528,234.328,486.072,4.36323,3.41245e-05
"a,x4","10.5039,0.830191",aflow:3b5090fa3a09cc57,aflowlib.duke.edu:AFLOWDATA/ICSD_WEB/FCC/Bi2O7Ru2_ICSD_166566,"4,14,4",Bi4O14Ru4,8.39178,-6.13343,-6.13343,22,0.363627,0.0,half-metal,"0.04,0.054,0.047,0.047,0.064,0.057,0.08,0.072,0.09,0.09,0.072,0.08,0.057,0.064,0.09,0.09,0.018,0.018,1.63,1.652,1.642,1.641",80.0,,,,,,,,
"a,x4","10.8209,0.834664",aflow:3c35f9884057a217,aflowlib.duke.edu:AFLOWDATA/ICSD_WEB/FCC/Nd2O7Zr2_ICSD_249974,"4,14,4",Nd4O14Zr4,6.11165,-9.29553,-9.29553,22,0.545411,3.3462,insulator-indirect,"2.969,2.969,2.969,2.969,-0.041,-0.041,-0.01,-0.01,-0.01,-0.01,-0.01,-0.01,-0.01,-0.01,-0.01,-0.01,-0.01,-0.01,-0.002,-0.002,-0.002,-0.002",60.0,,,,,,,,
"a,x4","10.1402,0.417298",aflow:3d6287c20288a1ef,aflowlib.duke.edu:AFLOWDATA/ICSD_WEB/FCC/O7Ti2Yb2_ICSD_161405,"14,4,4",O14Ti4Yb4,7.0568,-7.2334,-7.2334,22,0.181804,0.0838,insulator-direct,"0.095,0.095,0.064,0.064,0.06,0.06,0.057,0.057,0.06,0.06,0.064,0.064,0.057,0.057,-0.009,-0.009,-0.008,-0.009,0.746,0.746,0.768,0.724",56.0,,,,,,,,
"a,x4","10.1121,0.831213",aflow:3d1f3040f69c29a8,aflowlib.duke.edu:AFLOWDATA/ICSD_WEB/FCC/Dy2O7V2_ICSD_160863,"4,14,4",Dy4O14V4,6.92329,-8.20289,-8.20289,22,0.181793,0.8117,insulator-indirect,"0.006,0.005,0.006,0.006,-0.029,-0.028,-0.025,-0.025,-0.027,-0.027,-0.025,-0.025,-0.028,-0.029,-0.027,-0.027,0,0,1.04,1.045,1.04,1.034",64.0,190.278,534.909,0.283648,96.211,247.002,547.997,3.03527,4.04488e-05
"a,x4","10.5344,0.432483",aflow:3d7ea012d0f48467,aflowlib.duke.edu:AFLOWDATA/ICSD_WEB/FCC/Cd2O7Ta2_ICSD_27123,"4,14,4",Cd4O14Ta4,7.93969,-7.38325,-7.38325,22,0.0,2.1174,insulator-indirect,"0,0,0,0,0,0,0,0,0,0,0,0,0,0,0,0,0,0,0,0,0,0",56.0,154.061,447.629,0.269643,83.8562,212.935,499.029,5.6234,3.0619e-05
"a,x4","10.8271,0.362968",aflow:3f79a5060d7a9a11,aflowlib.duke.edu:AFLOWDATA/ICSD_WEB/FCC/La2O7Zr2_ICSD_184102,"4,14,4",La4O14Zr4,5.98936,-8.53518,-8.53518,22,0.0,0.0,metal,"0,0,0,0,0,0,0,0,0,0,0,0,0,0,0,0,0,0,0,0,0,0",56.0,,,,,,,,
"a,x4","10.8216,0.415323",aflow:3f94e58e38411237,aflowlib.duke.edu:AFLOWDATA/ICSD_WEB/FCC/Nd2O7Zr2_ICSD_174187,"4,14,4",Nd4O14Zr4,6.11034,-9.29553,-9.29553,22,0.545454,3.3148,insulator-indirect,"2.968,2.969,2.968,2.968,-0.009,-0.009,-0.009,-0.009,-0.009,-0.009,-0.009,-0.009,-0.009,-0.009,-0.009,-0.009,-0.039,-0.039,-0.002,-0.003,-0.002,-0.002",60.0,,,,,,,,
"a,x4","10.5109,0.831806",aflow:4087639876ca3f66,aflowlib.duke.edu:AFLOWDATA/ICSD_WEB/FCC/Nd2O7Ru2_ICSD_79327,"4,14,4",Nd4O14Ru4,6.89386,-7.61767,-7.61767,22,0.909143,0.5162,insulator-indirect,"2.985,2.987,2.987,2.988,0.067,0.068,0.064,0.051,0.069,0.056,0.051,0.064,0.068,0.067,0.069,0.056,-0.04,-0.04,1.678,1.689,1.69,1.701",76.0,,,,,,,,
"a,x4","10.9,0.432443",aflow:419c4b6caa59a978,aflowlib.duke.edu:AFLOWDATA/ICSD_WEB/FCC/Cu2F6Hg2S1_ICSD_156367,"4,12,4,2",Cu4F12Hg4S2,6.9172,-3.17768,-3.17768,22,0.182047,0.0,half-metal,"0.771,0.728,0.714,0.744,0.087,0.091,0.088,0.089,0.084,0.086,0.089,0.088,0.091,0.087,0.084,0.086,-0.001,-0.001,-0.001,-0.001,-0.002,-0.002",56.0,,,,,,,,
"a,x4","10.3034,0.417199",aflow:4260df9809b76428,aflowlib.duke.edu:AFLOWDATA/ICSD_WEB/FCC/Gd2O7Ru2_ICSD_79332,"4,14,4",Gd4O14Ru4,7.63474,-7.80877,-7.80877,22,1.26958,0.0,metal,"7.013,7.013,7.013,7.013,-0.016,-0.016,-0.015,-0.016,-0.015,-0.014,-0.016,-0.015,-0.016,-0.016,-0.015,-0.014,-0.042,-0.042,-0.022,-0.021,-0.025,-0.021",72.0,,,,,,,,
"a,x4","10.7361,0.348734",aflow:4211fa0b4a8c987c,aflowlib.duke.edu:AFLOWDATA/ICSD_WEB/FCC/O7Pb2Sb2_ICSD_24246,"14,4,4",O14Pb4Sb4,8.2649,-5.51484,-5.51484,22,0.0,0.0,metal,"0,0,0,0,0,0,0,0,0,0,0,0,0,0,0,0,0,0,0,0,0,0",64.0,,,,,,,,
"a,x4","10.9566,0.418728",aflow:42214ee738e23258,aflowlib.duke.edu:AFLOWDATA/ICSD_WEB/FCC/La2O7Zr2_ICSD_153814,"4,14,4",La4O14Zr4,5.7795,-8.9601,-8.9601,22,0.0,3.8106,insulator-direct,"0,0,0,0,0,0,0,0,0,0,0,0,0,0,0,0,0,0,0,0,0,0",56.0,,,,,,,,
"a,x3,x4","13.0757,0.723342,0.775162",aflow:4397ed9a800a61af,aflowlib.duke.edu:AFLOWDATA/ICSD_WEB/FCC/C4Cd1K2N4_ICSD_23994,"8,2,4,8",C8Cd2K4N8,1.75104,-6.69079,-6.69079,22,0.0,6.0,insulator-indirect,"0,0,0,0,0,0,0,0,0,0,0,0,0,0,0,0,0,0,0,0,0,0",80.0,,,,,,,,
"a,x4","10.6063,0.408248",aflow:43a95bb7cd8a43ac,aflowlib.duke.edu:AFLOWDATA/ICSD_WEB/FCC/O7Sn2Y2_ICSD_153817,"14,4,4",O14Sn4Y4,5.86971,-7.43093,-7.43093,22,0.0,2.2472,insulator-direct,"0,0,0,0,0,0,0,0,0,0,0,0,0,0,0,0,0,0,0,0,0,0",56.0,158.75,521.542,0.272128,85.3089,217.048,524.155,4.57745,3.68026e-05
"a,x4","10.4531,0.81726",aflow:455356e5dfe33177,aflowlib.duke.edu:AFLOWDATA/ICSD_WEB/FCC/Hg2O7Os2_ICSD_159796,"4,14,4",Hg4O14Os4,10.393,-5.47961,-5.47961,22,0.530221,0.0,metal,"0.046,0.048,0.051,0.048,0.178,0.161,0.183,0.183,0.163,0.147,0.183,0.183,0.161,0.178,0.163,0.147,0.165,0.165,2.219,2.194,2.167,2.195",76.0,,,,,,,,
"a,x4","10.508,0.817316",aflow:45da11711f06cd30,aflowlib.duke.edu:AFLOWDATA/ICSD_WEB/FCC/Cd2Nb2O7_ICSD_27122,"4,4,14",Cd4Nb4O14,5.98381,-6.96768,-6.96768,22,0.0,2.0818,insulator-indirect,"0,0,0,0,0,0,0,0,0,0,0,0,0,0,0,0,0,0,0,0,0,0",56.0,147.989,499.656,0.274997,78.3483,199.788,554.954,5.67356,3.15246e-05
"a,x4","10.8859,0.83311",aflow:46c19ace37abc759,aflowlib.duke.edu:AFLOWDATA/ICSD_WEB/FCC/Ce2O7Zr2_ICSD_168596,"4,14,4",Ce4O14Zr4,5.9179,-9.00725,-9.00725,22,0.18181,2.9988,insulator-direct,"0.975,0.975,0.974,0.975,-0.017,-0.017,-0.002,-0.003,-0.003,-0.002,-0.003,-0.003,-0.002,-0.003,-0.003,-0.002,-0.003,-0.003,-0.001,-0.001,-0.001,-0.001",60.0,,,,,,,,
"a,x4","10.535,0.817494",aflow:465fb4e9bb6a474e,aflowlib.duke.edu:AFLOWDATA/ICSD_WEB/FCC/Cd2O7Ta2_ICSD_9715,"4,14,4",Cd4O14Ta4,7.93838,-7.38327,-7.38327,22,0.0,2.1169,insulator-indirect,"0,0,0,0,0,0,0,0,0,0,0,0,0,0,0,0,0,0,0,0,0,0",56.0,,,,,,,,
"a,x4","10.8264,0.363044",aflow:463c5b0d17fa2d9a,aflowlib.duke.edu:AFLOWDATA/ICSD_WEB/FCC/La2O7Zr2_ICSD_184098,"4,14,4",La4O14Zr4,5.99057,-8.5352,-8.5352,22,0.0,0.0,metal,"0,0,0,0,0,0,0,0,0,0,0,0,0,0,0,0,0,0,0,0,0,0",56.0,,,,,,,,
"a,x4","10.2396,0.830958",aflow:474cec417886a308,aflowlib.duke.edu:AFLOWDATA/ICSD_WEB/FCC/O7Ti2Y2_ICSD_167563,"14,4,4",O14Ti4Y4,4.77128,-8.5956,-8.5956,22,0.0,3.2884,insulator-indirect,"0,0,0,0,0,0,0,0,0,0,0,0,0,0,0,0,0,0,0,0,0,0",56.0,,,,,,,,
"a,x4","10.3438,0.822011",aflow:47d700b6c56b509e,aflowlib.duke.edu:AFLOWDATA/ICSD_WEB/FCC/Cd2O7Os2_ICSD_155766,"4,14,4",Cd4O14Os4,8.60885,-5.83499,-5.83499,22,0.54494,0.0,metal,"0.032,0.033,0.032,0.032,0.167,0.148,0.189,0.189,0.165,0.184,0.189,0.189,0.148,0.167,0.165,0.184,0.121,0.121,2.289,2.273,2.289,2.304",68.0,,,,,,,,
"a,x4","10.9722,0.833292",aflow:47f7fd7233cdb705,aflowlib.duke.edu:AFLOWDATA/ICSD_WEB/FCC/La2O7Sn2_ICSD_24195,"4,14,4",La4O14Sn4,6.30751,-7.06209,-7.06209,22,0.0,2.0853,insulator-direct,"0,0,0,0,0,0,0,0,0,0,0,0,0,0,0,0,0,0,0,0,0,0",56.0,146.589,454.677,0.282543,74.5631,191.261,454.023,3.44255,3.93351e-05
"a,x4","10.6799,0.83227",aflow:491d48d0074836ad,aflowlib.duke.edu:AFLOWDATA/ICSD_WEB/FCC/Eu2Hf2O7_ICSD_236212,"4,4,14",Eu4Hf4O14,8.42866,-9.88435,-9.88435,22,1.09103,0.138,insulator-direct,"6.282,6.262,6.282,6.301,-0.002,-0.005,-0.002,0,-0.077,-0.078,-0.071,-0.071,-0.075,-0.073,-0.071,-0.071,-0.078,-0.077,-0.075,-0.073,-0.17,-0.17",56.0,,,,,,,,
"a,x4","10.5375,0.817079",aflow:4aaabc9e717d320e,aflowlib.duke.edu:AFLOWDATA/ICSD_WEB/FCC/Ca2Nb2O7_ICSD_22411,"4,4,14",Ca4Nb4O14,4.29127,-8.01925,-8.01925,22,0.0,1.7677,insulator-direct,"0,0,0,0,0,0,0,0,0,0,0,0,0,0,0,0,0,0,0,0,0,0",56.0,142.278,639.795,0.23249,92.6434,228.364,705.0,8.92748,2.85335e-05
"a,x4","10.5217,0.843614",aflow:4b573afa6b1e0d55,aflowlib.duke.edu:AFLOWDATA/ICSD_WEB/FCC/O7Sn2Yb2_ICSD_82964,"14,4,4",O14Sn4Yb4,7.93136,-6.046,-6.046,22,0.181824,0.0,half-metal,"0.053,0.053,0.054,0.052,0.055,0.053,0.052,0.054,0.053,0.053,0.055,0.053,0.138,0.138,0.001,0,0,-0.001,0.708,0.734,0.734,0.76",56.0,,,,,,,,
"a,x4","10.3153,0.829202",aflow:4ce95fbe3fce93b1,aflowlib.duke.edu:AFLOWDATA/ICSD_WEB/FCC/Gd2O7Ti2_ICSD_24207,"4,14,4",Gd4O14Ti4,6.3214,-9.91623,-9.91623,22,1.27275,3.2737,insulator-indirect_spin-polarized,"7.01,7.009,7.011,7.01,-0.041,-0.041,-0.014,-0.014,-0.013,-0.014,-0.014,-0.014,-0.014,-0.013,-0.014,-0.014,-0.014,-0.014,-0.005,-0.005,-0.005,-0.005",56.0,179.628,555.168,0.268256,98.4684,249.766,560.876,6.45483,3.12767e-05
"a,x4","10.4063,0.412545",aflow:4ccb36dec7b68f47,aflowlib.duke.edu:AFLOWDATA/ICSD_WEB/FCC/Mo2O7Tb2_ICSD_159771,"4,14,4",Mo4O14Tb4,7.32916,-8.1605,-8.1605,22,0.363634,0.0,half-metal,"1.888,1.887,1.891,1.886,-0.031,-0.019,-0.015,-0.003,0.009,0.009,-0.003,-0.015,-0.019,-0.031,0.009,0.009,-0.001,-0.001,0.021,0.023,0.022,0.022",68.0,,,,,,,,
"a,x4","10.3437,0.822021",aflow:4c6953b4a0fa5011,aflowlib.duke.edu:AFLOWDATA/ICSD_WEB/FCC/Cd2O7Os2_ICSD_155769,"4,14,4",Cd4O14Os4,8.60908,-5.83499,-5.83499,22,0.544935,0.0,metal,"0.032,0.032,0.032,0.033,0.189,0.189,0.167,0.148,0.184,0.165,0.148,0.167,0.189,0.189,0.184,0.165,0.121,0.121,2.304,2.289,2.289,2.273",68.0,,,,,,,,
"a,x4","10.249,0.830762",aflow:4dc4576f6ea86fac,aflowlib.duke.edu:AFLOWDATA/ICSD_WEB/FCC/O7Tb2Ti2_ICSD_151747,"14,4,4",O14Tb4Ti4,6.48621,-8.27691,-8.27691,22,0.0,3.3021,insulator-indirect,"0,0,0,0,0,0,0,0,0,0,0,0,0,0,0,0,0,0,0,0,0,0",60.0,184.839,562.653,0.266086,102.449,259.418,567.945,6.63451,3.09264e-05
"a,x4","10.4743,0.824495",aflow:4ddd3fc4b2a6ef79,aflowlib.duke.edu:AFLOWDATA/ICSD_WEB/FCC/Bi2O7Ti2_ICSD_161100,"4,14,4",Bi4O14Ti4,7.23387,-7.03908,-7.03908,22,0.0,2.8929,insulator-indirect,"0,0,0,0,0,0,0,0,0,0,0,0,0,0,0,0,0,0,0,0,0,0",64.0,168.367,444.704,0.307087,74.5479,194.881,453.08,3.89553,3.47288e-05
"a,x3,x4","13.0169,0.276986,0.224936",aflow:4e06c5bc5f484ac8,aflowlib.duke.edu:AFLOWDATA/ICSD_WEB/FCC/C4Hg1K2N4_ICSD_62084,"8,2,4,8",C8Hg2K4N8,2.30595,-6.57611,-6.57611,22,0.0,5.8375,insulator-indirect,"0,0,0,0,0,0,0,0,0,0,0,0,0,0,0,0,0,0,0,0,0,0",84.0,,,,,,,,
"a,x4","10.7802,0.438202",aflow:4f689ce2ad31aa19,aflowlib.duke.edu:AFLOWDATA/ICSD_WEB/FCC/O7Sn2Ta2_ICSD_163818,"14,4,4",O14Sn4Ta4,7.54211,-7.908,-7.908,22,0.0,1.6174,insulator-indirect,"0,0,0,0,0,0,0,0,0,0,0,0,0,0,0,0,0,0,0,0,0,0",64.0,,,,,,,,
"a,x4","10.3863,0.359865",aflow:5032318cfec8a5e0,aflowlib.duke.edu:AFLOWDATA/ICSD_WEB/FCC/Ca2O7Sb2_ICSD_24245,"4,14,4",Ca4O14Sb4,5.16532,-5.97806,-5.97806,22,0.0,0.1901,insulator-direct,"0,0,0,0,0,0,0,0,0,0,0,0,0,0,0,0,0,0,0,0,0,0",56.0,,,,,,,,
"a,x4","10.3427,0.427982",aflow:50ddac208526fffa,aflowlib.duke.edu:AFLOWDATA/ICSD_WEB/FCC/Cd2O7Os2_ICSD_155772,"4,14,4",Cd4O14Os4,8.61175,-5.83499,-5.83499,22,0.544937,0.0,metal,"0.032,0.033,0.032,0.032,0.189,0.189,0.167,0.148,0.165,0.184,0.148,0.167,0.189,0.189,0.165,0.184,0.121,0.121,2.288,2.273,2.304,2.289",68.0,,,,,,,,
"a,x4","10.879,0.818806",aflow:51714392649712d1,aflowlib.duke.edu:AFLOWDATA/ICSD_WEB/FCC/F6Hg2Ni2S1_ICSD_4083,"12,4,4,2",F12Hg4Ni4S2,6.85715,-3.61456,-3.61456,22,0.363684,1.7932,insulator-direct,"0.051,0.05,0.052,0.052,0.052,0.051,0.052,0.052,0.05,0.051,0.052,0.051,0,0,0,0,1.823,1.824,1.824,1.824,-0.001,-0.001",56.0,,,,,,,,
"a,x4","10.2594,0.413115",aflow:51ea47843e461e60,aflowlib.duke.edu:AFLOWDATA/ICSD_WEB/FCC/Ir2O7Y2_ICSD_187534,"4,14,4",Ir4O14Y4,8.29467,-7.54565,-7.54565,22,0.181673,0.0,half-metal,"0.704,0.708,0.707,0.702,0.102,0.096,0.068,0.068,0.084,0.089,0.068,0.068,0.096,0.102,0.084,0.089,0.003,0.003,0.023,0.02,0.023,0.026",72.0,,,,,,,,
"a,x4","10.8273,0.363008",aflow:518630d75dad5140,aflowlib.duke.edu:AFLOWDATA/ICSD_WEB/FCC/La2O7Zr2_ICSD_184096,"4,14,4",La4O14Zr4,5.98918,-8.53519,-8.53519,22,0.0,0.0,metal,"0,0,0,0,0,0,0,0,0,0,0,0,0,0,0,0,0,0,0,0,0,0",56.0,,,,,,,,
"a,x4","10.8848,0.416792",aflow:52ca4f34ce90ae48,aflowlib.duke.edu:AFLOWDATA/ICSD_WEB/FCC/Ce2O7Zr2_ICSD_168595,"4,14,4",Ce4O14Zr4,5.91964,-9.00724,-9.00724,22,0.18181,2.9834,insulator-direct,"0.975,0.975,0.974,0.975,-0.017,-0.017,-0.003,-0.003,-0.003,-0.002,-0.002,-0.003,-0.002,-0.003,-0.003,-0.003,-0.002,-0.003,-0.001,-0.001,-0.001,-0.001",60.0,,,,,,,,
"a,x4","10.5611,0.817387",aflow:54ff4abcf9aa0a9e,aflowlib.duke.edu:AFLOWDATA/ICSD_WEB/FCC/Ca2O7Ta2_ICSD_27121,"4,14,4",Ca4O14Ta4,6.24837,-8.43551,-8.43551,22,0.0,2.4623,insulator-direct,"0,0,0,0,0,0,0,0,0,0,0,0,0,0,0,0,0,0,0,0,0,0",56.0,148.233,543.52,0.229612,97.7883,240.483,603.043,8.30922,2.88566e-05
"a,x4","10.6069,0.822847",aflow:5419805aeec1a922,aflowlib.duke.edu:AFLOWDATA/ICSD_WEB/FCC/La2O7Ti2_ICSD_164027,"4,14,4",La4O14Ti4,5.40576,-8.17553,-8.17553,22,0.0,3.2676,insulator-indirect,"0,0,0,0,0,0,0,0,0,0,0,0,0,0,0,0,0,0,0,0,0,0",56.0,169.15,549.063,0.280282,87.087,222.992,552.056,5.5638,3.1944e-05
"a,x4","10.6051,0.408212",aflow:542a24e530204c1a,aflowlib.duke.edu:AFLOWDATA/ICSD_WEB/FCC/O7Sn2Y2_ICSD_74706,"14,4,4",O14Sn4Y4,5.8716,-7.43095,-7.43095,22,0.0,2.2478,insulator-direct,"0,0,0,0,0,0,0,0,0,0,0,0,0,0,0,0,0,0,0,0,0,0",56.0,,,,,,,,
"a,x4","10.2224,0.831543",aflow:55b9faf4733959de,aflowlib.duke.edu:AFLOWDATA/ICSD_WEB/FCC/Dy2O7Ti2_ICSD_188553,"4,14,4",Dy4O14Ti4,6.62585,-8.27656,-8.27656,22,0.0,3.2411,insulator-indirect,"0,0,0,0,0,0,0,0,0,0,0,0,0,0,0,0,0,0,0,0,0,0",60.0,185.922,558.223,0.267179,102.479,259.719,563.873,6.58296,3.10801e-05
"a,x4","10.474,0.835734",aflow:56e85df50d5b92c2,aflowlib.duke.edu:AFLOWDATA/ICSD_WEB/FCC/Gd2Mo2O7_ICSD_159775,"4,4,14",Gd4Mo4O14,7.14918,-9.80201,-9.80201,22,1.06452,0.0,metal,"7,7.004,7,6.996,-1.106,-1.186,-1.105,-1.025,-0.008,0.011,-0.034,-0.034,-0.009,-0.029,-0.034,-0.034,0.011,-0.008,-0.009,-0.029,-0.04,-0.04",64.0,,,,,,,,
"a,x4","10.4531,0.817256",aflow:56b0c1126a7390fb,aflowlib.duke.edu:AFLOWDATA/ICSD_WEB/FCC/Hg2O7Os2_ICSD_159794,"4,14,4",Hg4O14Os4,10.3928,-5.47961,-5.47961,22,0.530219,0.0,metal,"0.048,0.051,0.048,0.046,0.163,0.147,0.183,0.183,0.161,0.178,0.183,0.183,0.147,0.163,0.161,0.178,0.165,0.165,2.194,2.167,2.195,2.219",76.0,,,,,,,,
"a,x4","10.7485,0.437578",aflow:56428d5401825d75,aflowlib.duke.edu:AFLOWDATA/ICSD_WEB/FCC/Nb2O7Sn2_ICSD_163817,"4,14,4",Nb4O14Sn4,5.72543,-7.50126,-7.50126,22,0.0,1.0459,insulator-indirect,"0,0,0,0,0,0,0,0,0,0,0,0,0,0,0,0,0,0,0,0,0,0",64.0,142.967,556.831,0.22237,97.4137,238.151,603.108,7.65654,3.04421e-05
"a,x4","10.605,0.840556",aflow:574859fb725b71ef,aflowlib.duke.edu:AFLOWDATA/ICSD_WEB/FCC/O7Y2Zr2_ICSD_153818,"14,4,4",O14Y4Zr4,5.25984,-9.29112,-9.29112,22,0.0,2.7011,insulator-direct,"0,0,0,0,0,0,0,0,0,0,0,0,0,0,0,0,0,0,0,0,0,0",56.0,160.711,555.027,0.271695,86.5563,220.147,583.924,6.58133,2.96307e-05
"a,x4","10.8791,0.431187",aflow:580527b50331e5ea,aflowlib.duke.edu:AFLOWDATA/ICSD_WEB/FCC/F6Hg2Ni2S1_ICSD_166545,"12,4,4,2",F12Hg4Ni4S2,6.85685,-3.61464,-3.61464,22,0.363685,1.7934,insulator-direct,"0.051,0.052,0.052,0.052,0.05,0.051,0.052,0.052,0.052,0.051,0.05,0.051,0,0,0,0,1.823,1.824,1.824,1.824,-0.001,-0.001",56.0,,,,,,,,
"a,x4","10.3939,0.829863",aflow:5882443e36213ebb,aflowlib.duke.edu:AFLOWDATA/ICSD_WEB/FCC/Bi2O7Ru2_ICSD_161102,"4,14,4",Bi4O14Ru4,8.66097,-6.07804,-6.07804,22,0.0,0.0,metal,"0,0,0,0,0,0,0,0,0,0,0,0,0,0,0,0,0,0,0,0,0,0",80.0,170.483,463.685,0.263872,95.5536,241.535,479.911,4.65744,3.55198e-05
"a,x4","10.5508,0.876173",aflow:5c939a2366507ada,aflowlib.duke.edu:AFLOWDATA/ICSD_WEB/FCC/Gd2O7Zr2_ICSD_261758,"4,14,4",Gd4O14Zr4,6.88738,-10.3493,-10.3493,22,1.27276,0.1482,insulator-direct,"7.021,7.019,7.023,7.021,-0.026,-0.026,-0.024,-0.026,-0.025,-0.024,-0.026,-0.024,-0.026,-0.026,-0.025,-0.024,-0.01,-0.01,-0.007,-0.007,-0.007,-0.007",56.0,,,,,,,,
"a,x4","10.563,0.843012",aflow:5f7286e5bbc992cc,aflowlib.duke.edu:AFLOWDATA/ICSD_WEB/FCC/Ho2O7Sn2_ICSD_84748,"4,14,4",Ho4O14Sn4,7.65603,-7.10373,-7.10373,22,0.0,2.1953,insulator-direct,"0,0,0,0,0,0,0,0,0,0,0,0,0,0,0,0,0,0,0,0,0,0",56.0,,,,,,,,
"a,x4","10.5943,0.835488",aflow:5f18888e5af5d54c,aflowlib.duke.edu:AFLOWDATA/ICSD_WEB/FCC/Gd2Hf2O7_ICSD_236213,"4,4,14",Gd4Hf4O14,8.75272,-11.0309,-11.0309,22,1.27271,3.4526,insulator-indirect,"7.008,7.009,7.008,7.008,-0.005,-0.005,-0.005,-0.005,-0.013,-0.014,-0.013,-0.013,-0.014,-0.013,-0.013,-0.013,-0.014,-0.013,-0.014,-0.013,-0.042,-0.042",56.0,168.0,451.01,0.262282,94.9153,239.62,472.1,5.86906,3.04456e-05
"a,x4","10.4531,0.43274",aflow:5f84d645ff5d211c,aflowlib.duke.edu:AFLOWDATA/ICSD_WEB/FCC/Hg2O7Os2_ICSD_159795,"4,14,4",Hg4O14Os4,10.393,-5.47961,-5.47961,22,0.530221,0.0,metal,"0.048,0.051,0.048,0.046,0.178,0.161,0.183,0.183,0.147,0.163,0.183,0.183,0.161,0.178,0.147,0.163,0.165,0.165,2.195,2.167,2.194,2.219",76.0,,,,,,,,
"a,x4","10.3439,0.822008",aflow:617c1650c2621b3d,aflowlib.duke.edu:AFLOWDATA/ICSD_WEB/FCC/Cd2O7Os2_ICSD_155764,"4,14,4",Cd4O14Os4,8.60872,-5.83499,-5.83499,22,0.544941,0.0,metal,"0.032,0.033,0.032,0.032,0.167,0.148,0.184,0.165,0.189,0.189,0.165,0.184,0.148,0.167,0.189,0.189,0.121,0.121,2.304,2.273,2.289,2.289",68.0,,,,,,,,
"a,x4","10.5298,0.832063",aflow:646ccd3a29e844e5,aflowlib.duke.edu:AFLOWDATA/ICSD_WEB/FCC/Bi2O7Pt2_ICSD_161104,"4,14,4",Bi4O14Pt4,10.4695,-5.46846,-5.46846,22,0.0,1.0682,insulator-indirect,"0,0,0,0,0,0,0,0,0,0,0,0,0,0,0,0,0,0,0,0,0,0",72.0,176.456,376.326,0.30718,78.0858,204.145,379.919,2.68623,3.88883e-05
"a,x4","10.4069,0.412518",aflow:647ebaa8849028fd,aflowlib.duke.edu:AFLOWDATA/ICSD_WEB/FCC/Mo2O7Tb2_ICSD_159773,"4,14,4",Mo4O14Tb4,7.32788,-8.16049,-8.16049,22,0.363634,0.0,half-metal,"1.886,1.891,1.887,1.889,-0.031,-0.019,-0.003,-0.015,0.009,0.009,-0.015,-0.003,-0.019,-0.031,0.009,0.009,-0.001,-0.001,0.022,0.022,0.023,0.021",68.0,,,,,,,,
"a,x4","10.5504,0.876215",aflow:6643c2cb85a58314,aflowlib.duke.edu:AFLOWDATA/ICSD_WEB/FCC/Gd2O7Zr2_ICSD_185396,"4,14,4",Gd4O14Zr4,6.88826,-10.3493,-10.3493,22,1.27276,0.1453,insulator-direct,"7.021,7.021,7.023,7.019,-0.026,-0.024,-0.024,-0.025,-0.026,-0.027,-0.025,-0.024,-0.024,-0.026,-0.026,-0.027,-0.01,-0.01,-0.007,-0.007,-0.007,-0.007",56.0,,,,,,,,
"a,x4","10.3426,0.42798",aflow:66faa8b1cbf42cfd,aflowlib.duke.edu:AFLOWDATA/ICSD_WEB/FCC/Cd2O7Os2_ICSD_155773,"4,14,4",Cd4O14Os4,8.61183,-5.83499,-5.83499,22,0.544936,0.0,metal,"0.032,0.032,0.033,0.032,0.189,0.189,0.165,0.184,0.167,0.148,0.184,0.165,0.189,0.189,0.167,0.148,0.121,0.121,2.288,2.304,2.273,2.289",68.0,,,,,,,,
"a,x4","12.2505,0.836767",aflow:67b666bacf33118c,aflowlib.duke.edu:AFLOWDATA/LIB3_WEB/PPtTl_d/ICSD_22215.ABC,"14,4,4",P14Pt4Tl4,7.33934,-4.63755,-4.63755,22,0.0,,,,,,,,,,,,
"a,x4","10.7535,0.412336",aflow:67ce809ba898eca9,aflowlib.duke.edu:AFLOWDATA/ICSD_WEB/FCC/Eu2O7Sn2_ICSD_173949,"4,14,4",Eu4O14Sn4,6.97904,-7.60394,-7.60394,22,1.0909,0.1195,insulator-direct,"6.255,6.277,6.232,6.255,-0.181,-0.181,-0.063,-0.063,-0.064,-0.064,-0.067,-0.066,-0.064,-0.064,-0.063,-0.063,-0.067,-0.066,0,0,0.001,0",56.0,,,,,,,,
"a,x4","10.2786,0.837499",aflow:67f0a9c54eedcaa2,aflowlib.duke.edu:AFLOWDATA/ICSD_WEB/FCC/O7Ru2Y2_ICSD_79733,"14,4,4",O14Ru4Y4,6.01805,-7.68354,-7.68354,22,0.363639,0.5603,insulator-indirect,"0.072,0.059,0.069,0.07,0.066,0.054,0.07,0.069,0.059,0.072,0.066,0.054,-0.001,-0.001,1.7,1.709,1.719,1.709,0.029,0.03,0.03,0.029",72.0,,,,,,,,
"a,x4","10.8953,0.817561",aflow:678fbb0abfa6e0dd,aflowlib.duke.edu:AFLOWDATA/ICSD_WEB/FCC/Cu2F6Hg2S1_ICSD_156368,"4,12,4,2",Cu4F12Hg4S2,6.92613,-3.17765,-3.17765,22,0.182045,0.0,half-metal,"0.714,0.728,0.745,0.771,0.088,0.089,0.086,0.084,0.091,0.087,0.084,0.086,0.089,0.088,0.091,0.087,-0.001,-0.001,-0.001,-0.001,-0.002,-0.002",56.0,,,,,,,,
"a,x4","10.6086,0.822831",aflow:683c0548427d5312,aflowlib.duke.edu:AFLOWDATA/ICSD_WEB/FCC/La2O7Ti2_ICSD_153816,"4,14,4",La4O14Ti4,5.40326,-8.17525,-8.17525,22,0.0,3.2614,insulator-indirect,"0,0,0,0,0,0,0,0,0,0,0,0,0,0,0,0,0,0,0,0,0,0",56.0,,,,,,,,
"a,x4","10.6145,0.408495",aflow:6abe626ad755b27a,aflowlib.duke.edu:AFLOWDATA/ICSD_WEB/FCC/O7Sn2Tb2_ICSD_159786,"14,4,4",O14Sn4Tb4,7.41153,-7.11239,-7.11239,22,0.0,2.2304,insulator-direct,"0,0,0,0,0,0,0,0,0,0,0,0,0,0,0,0,0,0,0,0,0,0",60.0,,,,,,,,
"a,x4","10.4525,0.817263",aflow:6c673b94bca8e244,aflowlib.duke.edu:AFLOWDATA/ICSD_WEB/FCC/Hg2O7Os2_ICSD_159806,"4,14,4",Hg4O14Os4,10.3948,-5.47961,-5.47961,22,0.530203,0.0,metal,"0.051,0.048,0.048,0.046,0.183,0.183,0.161,0.178,0.147,0.163,0.178,0.161,0.183,0.183,0.147,0.163,0.165,0.165,2.167,2.195,2.194,2.219",76.0,,,,,,,,
"a,x4","10.821,0.834666",aflow:6dcdfe64773582b3,aflowlib.duke.edu:AFLOWDATA/ICSD_WEB/FCC/Nd2O7Zr2_ICSD_154754,"4,14,4",Nd4O14Zr4,6.1115,-9.29555,-9.29555,22,0.545465,3.317,insulator-indirect,"2.968,2.969,2.968,2.968,-0.009,-0.009,-0.009,-0.009,-0.009,-0.009,-0.009,-0.009,-0.009,-0.009,-0.009,-0.009,-0.039,-0.039,-0.003,-0.003,-0.003,-0.002",60.0,,,,,,,,
"a,x4","10.5375,0.843816",aflow:6e0cff70171929f0,aflowlib.duke.edu:AFLOWDATA/ICSD_WEB/FCC/Er2O7Sn2_ICSD_82962,"4,14,4",Er4O14Sn4,7.76459,-7.10082,-7.10082,22,0.0,2.173,insulator-direct,"0,0,0,0,0,0,0,0,0,0,0,0,0,0,0,0,0,0,0,0,0,0",56.0,161.939,464.382,0.269272,88.3115,224.183,468.959,4.27273,3.75243e-05
"a,x4","10.8537,0.433001",aflow:6f7b1c9a0527f360,aflowlib.duke.edu:AFLOWDATA/ICSD_WEB/FCC/O7Pb2Sb2_ICSD_27120,"14,4,4",O14Pb4Sb4,7.99908,-5.87003,-5.87003,22,0.0,0.0,metal,"0,0,0,0,0,0,0,0,0,0,0,0,0,0,0,0,0,0,0,0,0,0",64.0,131.95,473.869,0.196273,100.504,240.461,467.914,4.30099,4.61729e-05
"a,x4","10.6793,0.417704",aflow:70aae2c237d0db8b,aflowlib.duke.edu:AFLOWDATA/ICSD_WEB/FCC/Eu2Hf2O7_ICSD_173953,"4,4,14",Eu4Hf4O14,8.43002,-9.88435,-9.88435,22,1.09091,0.1376,insulator-direct,"6.282,6.262,6.301,6.282,-0.002,-0.005,0,-0.002,-0.17,-0.17,-0.071,-0.071,-0.077,-0.078,-0.075,-0.074,-0.078,-0.077,-0.071,-0.071,-0.075,-0.074",56.0,,,,,,,,
"a,x4","10.5508,0.876169",aflow:71652fe0e83ff5b4,aflowlib.duke.edu:AFLOWDATA/ICSD_WEB/FCC/Gd2O7Zr2_ICSD_185395,"4,14,4",Gd4O14Zr4,6.88732,-10.3493,-10.3493,22,1.27276,0.1484,insulator-direct,"7.021,7.021,7.023,7.019,-0.026,-0.024,-0.024,-0.025,-0.026,-0.026,-0.025,-0.024,-0.024,-0.026,-0.026,-0.026,-0.01,-0.01,-0.007,-0.007,-0.007,-0.007",56.0,,,,,,,,
"a,x4","10.7363,0.359678",aflow:7198b9a48a58092a,aflowlib.duke.edu:AFLOWDATA/ICSD_WEB/FCC/Hf2La2O7_ICSD_173790,"4,4,14",Hf4La4O14,8.01617,-8.86126,-8.86126,22,0.0,0.0,metal,"0,0,0,0,0,0,0,0,0,0,0,0,0,0,0,0,0,0,0,0,0,0",56.0,,,,,,,,
"a,x4","10.5375,0.843816",aflow:7146000986be1a20,aflowlib.duke.edu:AFLOWDATA/ICSD_WEB/FCC/Er2O7Sn2_ICSD_84749,"4,14,4",Er4O14Sn4,7.76459,-7.10082,-7.10082,22,0.0,2.173,insulator-direct,"0,0,0,0,0,0,0,0,0,0,0,0,0,0,0,0,0,0,0,0,0,0",56.0,161.939,464.382,0.269272,88.3115,224.183,468.959,4.27273,3.75243e-05
"a,x4","10.0527,0.830118",aflow:72ded1ad94619a81,aflowlib.duke.edu:AFLOWDATA/ICSD_WEB/FCC/Mn2O7Y2_ICSD_56516,"4,14,4",Mn4O14Y4,5.22643,-8.10325,-8.10325,22,0.545396,0.8575,insulator-indirect,"3.257,3.259,3.259,3.26,-0.097,-0.097,-0.105,-0.109,-0.1,-0.104,-0.109,-0.105,-0.097,-0.097,-0.1,-0.104,-0.008,-0.008,0.023,0.022,0.022,0.022",68.0,,,,,,,,
"a,x4","10.3775,0.426074",aflow:73c456125e116be3,aflowlib.duke.edu:AFLOWDATA/ICSD_WEB/FCC/O7Ru2Tl2_ICSD_172017,"14,4,4",O14Ru4Tl4,8.59249,-5.57552,-5.57552,22,0.363629,0.0,half-metal,"0.093,0.104,0.101,0.102,0.085,0.098,0.102,0.101,0.104,0.093,0.085,0.098,0.054,0.054,1.63,1.643,1.656,1.642,-0.042,-0.033,-0.022,-0.031",72.0,,,,,,,,
"a,x4","9.9454,0.876756",aflow:735307e87292ac4c,aflowlib.duke.edu:AFLOWDATA/ICSD_WEB/FCC/Lu2O7V2_ICSD_160599,"4,14,4",Lu4O14V4,7.61399,-7.65904,-7.65904,22,0.00973304,0.0,metal,"0.014,0.013,0.012,0.014,0.003,0.004,0.003,0.003,0.003,0.003,0.003,0.003,0.004,0.003,0.003,0.003,-0.002,-0.002,-0.032,-0.017,-0.004,-0.027",60.0,,,,,,,,
"a,x4","10.1711,0.83274",aflow:741f2418db817598,aflowlib.duke.edu:AFLOWDATA/ICSD_WEB/FCC/Er2O7Ti2_ICSD_150211,"4,14,4",Er4O14Ti4,6.84679,-8.27537,-8.27537,22,0.0,3.1172,insulator-indirect,"0,0,0,0,0,0,0,0,0,0,0,0,0,0,0,0,0,0,0,0,0,0",56.0,187.311,554.34,0.266916,103.383,261.956,560.982,6.62512,3.10007e-05
"a,x4","9.4269,0.823637",aflow:7422ec9f7b12ff6b,aflowlib.duke.edu:AFLOWDATA/ICSD_WEB/FCC/O7Sc2Si2_ICSD_1457,"14,4,4",O14Sc4Si4,4.09243,-8.16279,-8.16279,22,0.0,4.171,insulator-indirect,"0,0,0,0,0,0,0,0,0,0,0,0,0,0,0,0,0,0,0,0,0,0",56.0,,,,,,,,
"a,x4","10.4322,0.823978",aflow:756096e33f80cb70,aflowlib.duke.edu:AFLOWDATA/ICSD_WEB/FCC/Cd2O7Sb2_ICSD_165168,"4,14,4",Cd4O14Sb4,6.79017,-5.36123,-5.36123,22,0.0,0.4798,insulator-indirect,"0,0,0,0,0,0,0,0,0,0,0,0,0,0,0,0,0,0,0,0,0,0",56.0,153.444,484.759,0.272074,82.4811,209.844,489.061,2.9836,4.69587e-05
"a,x4","10.9821,0.892412",aflow:751d18b344f6c0ef,aflowlib.duke.edu:AFLOWDATA/LIB3_WEB/B_hPPt/ICSD_161104.ABC,"4,14,4",B4P14Pt4,6.30484,-5.2635,-5.2635,22,0.0,,,,,,,,,,,,
"a,x4","10.8645,0.828475",aflow:76fb1c0b95c6b115,aflowlib.duke.edu:AFLOWDATA/ICSD_WEB/FCC/Hf2La2O7_ICSD_153815,"4,4,14",Hf4La4O14,7.73588,-9.3467,-9.3467,22,0.0,4.4648,insulator-direct,"0,0,0,0,0,0,0,0,0,0,0,0,0,0,0,0,0,0,0,0,0,0",56.0,164.978,454.664,0.26995,89.6564,227.718,465.086,5.26227,3.07248e-05
"a,x4","10.8301,0.363092",aflow:770a957dc132d359,aflowlib.duke.edu:AFLOWDATA/ICSD_WEB/FCC/La2O7Zr2_ICSD_184100,"4,14,4",La4O14Zr4,5.98453,-8.5352,-8.5352,22,0.0,0.0,metal,"0,0,0,0,0,0,0,0,0,0,0,0,0,0,0,0,0,0,0,0,0,0",56.0,,,,,,,,
"a,x4","10.1743,0.417185",aflow:77968dc97cd307c2,aflowlib.duke.edu:AFLOWDATA/ICSD_WEB/FCC/Er2O7Ti2_ICSD_24209,"4,14,4",Er4O14Ti4,6.84043,-8.2754,-8.2754,22,0.0,3.1084,insulator-indirect,"0,0,0,0,0,0,0,0,0,0,0,0,0,0,0,0,0,0,0,0,0,0",56.0,,,,,,,,
"a,x4","10.4849,0.824927",aflow:78362da03fd4c22e,aflowlib.duke.edu:AFLOWDATA/ICSD_WEB/FCC/Eu2O7Ru2_ICSD_173947,"4,14,4",Eu4O14Ru4,7.12319,-7.838,-7.838,22,1.62838,0.0,metal,"6.465,6.548,6.549,6.635,-0.172,-0.172,0.143,0.143,0.131,0.116,0.144,0.128,0.116,0.131,0.143,0.143,0.144,0.128,1.855,1.891,1.899,1.936",72.0,,,,,,,,
"a,x4","10.4848,0.825352",aflow:7a20759f81b8af5a,aflowlib.duke.edu:AFLOWDATA/ICSD_WEB/FCC/Eu2O7Ru2_ICSD_109306,"4,14,4",Eu4O14Ru4,7.12348,-7.84252,-7.84252,22,1.63326,0.0,metal,"6.571,6.485,6.658,6.571,0.152,0.153,0.154,0.134,0.12,0.139,0.134,0.154,0.153,0.152,0.12,0.139,-0.168,-0.168,1.906,1.865,1.95,1.903",72.0,,,,,,,,
"a,x4","10.8833,0.417031",aflow:7a5e154a75bf761b,aflowlib.duke.edu:AFLOWDATA/ICSD_WEB/FCC/Ce2O7Zr2_ICSD_168598,"4,14,4",Ce4O14Zr4,5.92216,-9.00725,-9.00725,22,0.18181,3.0187,insulator-direct,"0.975,0.975,0.974,0.975,-0.017,-0.017,-0.003,-0.003,-0.003,-0.002,-0.002,-0.003,-0.002,-0.003,-0.003,-0.003,-0.002,-0.003,-0.001,-0.001,-0.001,-0.001",60.0,,,,,,,,
"a,x4","10.2415,0.830978",aflow:7b8fca634f8b5c68,aflowlib.duke.edu:AFLOWDATA/ICSD_WEB/FCC/O7Ti2Y2_ICSD_66874,"14,4,4",O14Ti4Y4,4.7686,-8.59561,-8.59561,22,0.0,3.2859,insulator-indirect,"0,0,0,0,0,0,0,0,0,0,0,0,0,0,0,0,0,0,0,0,0,0",56.0,,,,,,,,
"a,x4","10.4517,0.432698",aflow:7ca837aeeae53594,aflowlib.duke.edu:AFLOWDATA/ICSD_WEB/FCC/Hg2O7Os2_ICSD_159808,"4,14,4",Hg4O14Os4,10.3971,-5.47962,-5.47962,22,0.530209,0.0,metal,"0.048,0.048,0.046,0.051,0.161,0.178,0.163,0.147,0.183,0.183,0.147,0.163,0.178,0.161,0.183,0.183,0.165,0.165,2.194,2.195,2.219,2.167",76.0,,,,,,,,
"a,x4","10.3788,0.423303",aflow:7ce0930de22d4e27,aflowlib.duke.edu:AFLOWDATA/ICSD_WEB/FCC/Eu2O7Ti2_ICSD_173945,"4,14,4",Eu4O14Ti4,6.08041,-8.75674,-8.75674,22,1.09169,0.258,insulator-direct,"6.244,6.262,6.226,6.244,-0.145,-0.145,-0.066,-0.066,-0.069,-0.068,-0.071,-0.072,-0.068,-0.069,-0.066,-0.066,-0.071,-0.072,0.003,0.004,0.003,0.003",56.0,,,,,,,,
"a,x4","10.8265,0.363046",aflow:7e93fe7271cbaea2,aflowlib.duke.edu:AFLOWDATA/ICSD_WEB/FCC/La2O7Zr2_ICSD_184099,"4,14,4",La4O14Zr4,5.99047,-8.5352,-8.5352,22,0.0,0.0,metal,"0,0,0,0,0,0,0,0,0,0,0,0,0,0,0,0,0,0,0,0,0,0",56.0,,,,,,,,
"a,x4","10.855,0.414142",aflow:7f75c02e8947ca2d,aflowlib.duke.edu:AFLOWDATA/ICSD_WEB/FCC/O7Pr2Sn2_ICSD_82957,"14,4,4",O14Pr4Sn4,6.55556,-7.22882,-7.22882,22,0.363631,2.1716,insulator-direct,"-0.008,-0.007,-0.007,-0.007,-0.008,-0.008,-0.007,-0.007,-0.007,-0.008,-0.008,-0.008,-0.031,-0.031,1.987,1.987,1.987,1.987,0.001,0.001,0.001,0.001",60.0,,,,,,,,
"a,x4","10.6051,0.841786",aflow:81c58f5faba12e54,aflowlib.duke.edu:AFLOWDATA/ICSD_WEB/FCC/O7Sn2Y2_ICSD_24193,"14,4,4",O14Sn4Y4,5.87171,-7.43095,-7.43095,22,0.0,2.2481,insulator-direct,"0,0,0,0,0,0,0,0,0,0,0,0,0,0,0,0,0,0,0,0,0,0",56.0,159.089,521.808,0.272322,85.4055,217.327,523.879,4.5744,3.68274e-05
"a,x4","10.4713,0.425493",aflow:81684c85140475d2,aflowlib.duke.edu:AFLOWDATA/ICSD_WEB/FCC/Bi2O7Ti2_ICSD_180394,"4,14,4",Bi4O14Ti4,7.24001,-7.03545,-7.03545,22,0.0,2.8939,insulator-indirect,"0,0,0,0,0,0,0,0,0,0,0,0,0,0,0,0,0,0,0,0,0,0",64.0,,,,,,,,
"a,x4","10.9637,0.833381",aflow:81f6685e6d6272fa,aflowlib.duke.edu:AFLOWDATA/ICSD_WEB/FCC/La2O7Sn2_ICSD_153813,"4,14,4",La4O14Sn4,6.32217,-7.06211,-7.06211,22,0.0,2.1006,insulator-direct,"0,0,0,0,0,0,0,0,0,0,0,0,0,0,0,0,0,0,0,0,0,0",56.0,,,,,,,,
"a,x4","10.6078,0.841931",aflow:8254e3e4dbfa3d3a,aflowlib.duke.edu:AFLOWDATA/ICSD_WEB/FCC/O7Sn2Y2_ICSD_160115,"14,4,4",O14Sn4Y4,5.8671,-7.4309,-7.4309,22,0.0,2.237,insulator-direct,"0,0,0,0,0,0,0,0,0,0,0,0,0,0,0,0,0,0,0,0,0,0",56.0,,,,,,,,
"a,x4","9.7751,0.414074",aflow:82f25b8da0ba88ae,aflowlib.duke.edu:AFLOWDATA/ICSD_WEB/FCC/Mn2O7Sc2_ICSD_83277,"4,14,4",Mn4O14Sc4,4.43436,-7.81459,-7.81459,22,0.545418,1.0503,insulator-indirect,"3.21,3.211,3.21,3.21,-0.01,-0.01,-0.095,-0.092,-0.09,-0.09,-0.096,-0.099,-0.095,-0.092,-0.099,-0.096,-0.09,-0.09,0.033,0.034,0.031,0.033",68.0,,,,,,,,
"a,x4","10.4064,0.412527",aflow:84dc0cb5db934f78,aflowlib.duke.edu:AFLOWDATA/ICSD_WEB/FCC/Mo2O7Tb2_ICSD_159772,"4,14,4",Mo4O14Tb4,7.32884,-8.1605,-8.1605,22,0.363634,0.0,half-metal,"1.891,1.887,1.886,1.889,-0.015,-0.003,0.009,0.009,-0.019,-0.031,0.009,0.009,-0.003,-0.015,-0.019,-0.031,-0.001,-0.001,0.022,0.023,0.022,0.021",68.0,,,,,,,,
"a,x4","10.4462,0.422514",aflow:84de0515704a30c3,aflowlib.duke.edu:AFLOWDATA/ICSD_WEB/FCC/Eu2Ir2O7_ICSD_156437,"4,4,14",Eu4Ir4O14,9.32709,-7.7175,-7.7175,22,1.38184,0.0,metal,"6.613,6.531,6.615,6.698,0.742,0.679,0.747,0.811,0.074,0.074,0.088,0.088,0.087,0.087,0.088,0.088,0.074,0.074,0.087,0.087,-0.258,-0.258",72.0,,,,,,,,
"a,x4","10.2535,0.419108",aflow:85eca6ecf13ac5bd,aflowlib.duke.edu:AFLOWDATA/ICSD_WEB/FCC/O7Tb2Ti2_ICSD_159783,"14,4,4",O14Tb4Ti4,6.47758,-8.27691,-8.27691,22,0.0,3.2922,insulator-indirect,"0,0,0,0,0,0,0,0,0,0,0,0,0,0,0,0,0,0,0,0,0,0",60.0,,,,,,,,
"a,x4","10.2414,0.83098",aflow:8673f401144ed031,aflowlib.duke.edu:AFLOWDATA/ICSD_WEB/FCC/O7Ti2Y2_ICSD_14242,"14,4,4",O14Ti4Y4,4.76875,-8.59564,-8.59564,22,0.0,3.2858,insulator-indirect,"0,0,0,0,0,0,0,0,0,0,0,0,0,0,0,0,0,0,0,0,0,0",56.0,182.45,650.523,0.267236,100.536,254.807,657.042,7.51764,2.95668e-05
"a,x4","10.5427,0.830546",aflow:862cf91b51080062,aflowlib.duke.edu:AFLOWDATA/ICSD_WEB/FCC/Bi2O7Os2_ICSD_161105,"4,14,4",Bi4O14Os4,10.3204,-6.48016,-6.48016,22,0.363217,0.0,half-metal,"0.051,0.043,0.051,0.06,0.063,0.055,0.089,0.089,0.071,0.079,0.089,0.089,0.055,0.063,0.071,0.079,0.014,0.014,1.666,1.658,1.666,1.673",80.0,,,,,,,,
"a,x4","10.5256,0.412685",aflow:868f500a39cc59bb,aflowlib.duke.edu:AFLOWDATA/ICSD_WEB/FCC/Hf2O7Y2_ICSD_153819,"4,14,4",Hf4O14Y4,7.36826,-9.69513,-9.69513,22,0.0,3.3362,insulator-indirect,"0,0,0,0,0,0,0,0,0,0,0,0,0,0,0,0,0,0,0,0,0,0",56.0,169.083,495.957,0.262609,95.3711,240.833,521.062,6.43897,2.97851e-05
"a,x4","10.1113,0.887066",aflow:8914bb62219de8c7,aflowlib.duke.edu:AFLOWDATA/ICSD_WEB/FCC/O7V2Y2_ICSD_160600,"14,4,4",O14V4Y4,5.03342,-7.87631,-7.87631,22,0.168893,0.0,metal,"-0.068,-0.068,-0.083,-0.083,-0.094,-0.095,-0.083,-0.083,-0.068,-0.068,-0.094,-0.095,-0.159,-0.159,1.215,1.206,1.209,1.207,0.004,0.004,0.005,0.005",60.0,,,,,,,,
"a,x4","10.1366,0.416742",aflow:890ed27bdf516d24,aflowlib.duke.edu:AFLOWDATA/ICSD_WEB/FCC/O7Ti2Yb2_ICSD_188872,"14,4,4",O14Ti4Yb4,7.06446,-7.23326,-7.23326,22,-0.182517,0.0867,insulator-direct,"-0.095,-0.095,-0.056,-0.056,-0.063,-0.063,-0.059,-0.059,-0.063,-0.063,-0.056,-0.056,-0.059,-0.059,0.009,0.01,0.009,0.009,-0.751,-0.73,-0.772,-0.751",56.0,,,,,,,,
"a,x4","10.8432,0.835129",aflow:898a48d440cfd173,aflowlib.duke.edu:AFLOWDATA/ICSD_WEB/FCC/Bi2O7Sn2_ICSD_84793,"4,14,4",Bi4O14Sn4,7.99561,-5.90764,-5.90764,22,0.0,2.6207,insulator-indirect,"0,0,0,0,0,0,0,0,0,0,0,0,0,0,0,0,0,0,0,0,0,0",64.0,,,,,,,,
"a,x4","10.4019,0.818005",aflow:8a26312f862c053c,aflowlib.duke.edu:AFLOWDATA/ICSD_WEB/FCC/Hg2O7Ru2_ICSD_420818,"4,14,4",Hg4O14Ru4,8.443,-5.01111,-5.01111,22,0.539595,0.0,metal,"0.054,0.055,0.055,0.056,0.21,0.211,0.183,0.203,0.164,0.184,0.203,0.183,0.211,0.21,0.164,0.184,0.19,0.19,2.063,2.086,2.085,2.107",76.0,,,,,,,,
"a,x4","10.5894,0.842355",aflow:8f55b8fd8c7100a5,aflowlib.duke.edu:AFLOWDATA/ICSD_WEB/FCC/Dy2O7Sn2_ICSD_82960,"4,14,4",Dy4O14Sn4,7.54439,-7.10839,-7.10839,22,0.0,2.2087,insulator-direct,"0,0,0,0,0,0,0,0,0,0,0,0,0,0,0,0,0,0,0,0,0,0",60.0,160.956,465.501,0.270836,87.0731,221.311,468.02,4.15721,3.76102e-05
"a,x4","10.2392,0.830998",aflow:8fd5e0c67bc9a341,aflowlib.duke.edu:AFLOWDATA/ICSD_WEB/FCC/O7Ti2Y2_ICSD_157666,"14,4,4",O14Ti4Y4,4.77188,-8.5956,-8.5956,22,0.0,3.2875,insulator-indirect,"0,0,0,0,0,0,0,0,0,0,0,0,0,0,0,0,0,0,0,0,0,0",56.0,,,,,,,,
"a,x4","10.8856,0.416847",aflow:92d8cad426eb934c,aflowlib.duke.edu:AFLOWDATA/ICSD_WEB/FCC/Ce2O7Zr2_ICSD_168599,"4,14,4",Ce4O14Zr4,5.91837,-9.00724,-9.00724,22,0.18181,2.9925,insulator-direct,"0.975,0.974,0.975,0.975,-0.017,-0.017,-0.003,-0.003,-0.002,-0.003,-0.003,-0.002,-0.003,-0.002,-0.003,-0.003,-0.003,-0.002,-0.001,-0.001,-0.001,-0.001",60.0,,,,,,,,
"a,x4","10.2522,0.830801",aflow:92fdf2a76f818ea0,aflowlib.duke.edu:AFLOWDATA/ICSD_WEB/FCC/O7Tb2Ti2_ICSD_159781,"14,4,4",O14Tb4Ti4,6.48007,-8.27692,-8.27692,22,0.0,3.2969,insulator-indirect,"0,0,0,0,0,0,0,0,0,0,0,0,0,0,0,0,0,0,0,0,0,0",60.0,,,,,,,,
"a,x4","10.238,0.879468",aflow:94728fb708ce29e7,aflowlib.duke.edu:AFLOWDATA/ICSD_WEB/FCC/O7Pt2Sb2_ICSD_108965,"14,4,4",O14Pt4Sb4,9.23088,-5.16818,-5.16818,22,0.337129,0.0,metal,"0.136,0.124,0.144,0.143,0.144,0.132,0.143,0.144,0.124,0.136,0.144,0.132,0.051,0.051,1.395,1.375,1.356,1.374,0.018,0.019,0.021,0.02",72.0,221.178,414.611,0.340411,79.0004,211.786,364.067,1.88474,4.53249e-05
"a,x4","10.5348,0.817453",aflow:95df745382b87aa8,aflowlib.duke.edu:AFLOWDATA/ICSD_WEB/FCC/Cd2O7Ta2_ICSD_75605,"4,14,4",Cd4O14Ta4,7.93882,-7.38323,-7.38323,22,0.0,2.1171,insulator-indirect,"0,0,0,0,0,0,0,0,0,0,0,0,0,0,0,0,0,0,0,0,0,0",56.0,,,,,,,,
"a,x4","10.8425,0.415872",aflow:9635731f54f1b55c,aflowlib.duke.edu:AFLOWDATA/ICSD_WEB/FCC/O7Pr2Zr2_ICSD_249972,"14,4,4",O14Pr4Zr4,6.00576,-9.12387,-9.12387,22,0.363675,3.4431,insulator-direct,"-0.031,-0.031,-0.007,-0.007,-0.007,-0.007,-0.007,-0.007,-0.007,-0.007,-0.007,-0.007,-0.007,-0.007,1.987,1.987,1.987,1.987,-0.001,-0.001,0,-0.001",60.0,,,,,,,,
"a,x4","9.9716,0.834547",aflow:97ee8a2a54b05f15,aflowlib.duke.edu:AFLOWDATA/ICSD_WEB/FCC/Lu2O7V2_ICSD_32688,"4,14,4",Lu4O14V4,7.55404,-8.22519,-8.22519,22,0.181811,0.8849,insulator-indirect,"0.006,0.006,0.005,0.006,-0.028,-0.027,-0.026,-0.025,-0.024,-0.024,-0.028,-0.027,-0.024,-0.024,-0.025,-0.026,0,0,1.027,1.033,1.038,1.033",60.0,,,,,,,,
"a,x4","10.5876,0.407634",aflow:98284134b8c2cfdc,aflowlib.duke.edu:AFLOWDATA/ICSD_WEB/FCC/Dy2O7Sn2_ICSD_162368,"4,14,4",Dy4O14Sn4,7.54821,-7.10839,-7.10839,22,0.0,2.2117,insulator-direct,"0,0,0,0,0,0,0,0,0,0,0,0,0,0,0,0,0,0,0,0,0,0",60.0,,,,,,,,
"a,x4","10.4782,0.414666",aflow:9985133e032e8bb7,aflowlib.duke.edu:AFLOWDATA/ICSD_WEB/FCC/Gd2Mo2O7_ICSD_159776,"4,4,14",Gd4Mo4O14,7.14056,-9.80196,-9.80196,22,1.06423,0.0,metal,"7,6.996,7,7.004,-1.102,-1.021,-1.106,-1.187,0.01,-0.009,-0.035,-0.035,-0.031,-0.01,-0.035,-0.035,-0.009,0.01,-0.031,-0.01,-0.04,-0.04",64.0,,,,,,,,
"a,x4","10.8842,0.417024",aflow:9989cc43749eca33,aflowlib.duke.edu:AFLOWDATA/ICSD_WEB/FCC/Ce2O7Zr2_ICSD_168597,"4,14,4",Ce4O14Zr4,5.92074,-9.00725,-9.00725,22,0.18181,3.0183,insulator-direct,"0.974,0.975,0.975,0.975,-0.017,-0.017,-0.003,-0.002,-0.003,-0.002,-0.003,-0.003,-0.002,-0.003,-0.002,-0.003,-0.003,-0.003,-0.001,-0.001,-0.001,-0.001",60.0,,,,,,,,
"a,x4","10.4773,0.835642",aflow:99c264e2a06a03e4,aflowlib.duke.edu:AFLOWDATA/ICSD_WEB/FCC/Gd2Mo2O7_ICSD_159777,"4,4,14",Gd4Mo4O14,7.14243,-9.80201,-9.80201,22,1.22886,0.0,metal,"7.001,7.003,7.005,7.003,-0.347,-0.321,-0.295,-0.321,0.005,0.005,-0.002,-0.002,0.007,0.006,-0.002,-0.002,0.005,0.005,0.007,0.006,-0.028,-0.028",64.0,,,,,,,,
"a,x4","10.5171,0.823293",aflow:9aafb282b4f515eb,aflowlib.duke.edu:AFLOWDATA/ICSD_WEB/FCC/F6Hg2Ni2O1_ICSD_27329,"12,4,4,2",F12Hg4Ni4O2,7.40622,-3.7182,-3.7182,22,0.363725,0.8455,insulator-direct_spin-polarized,"0.057,0.057,0.056,0.056,0.056,0.055,0.056,0.056,0.057,0.057,0.056,0.055,-0.001,-0.001,-0.001,-0.001,1.816,1.816,1.816,1.816,-0.002,-0.002",48.0,,,,,,,,
"a,x4","10.0903,0.423592",aflow:9aa441c460318dd7,aflowlib.duke.edu:AFLOWDATA/ICSD_WEB/FCC/Mn2O7Tl2_ICSD_56515,"4,14,4",Mn4O14Tl4,8.15424,-5.97745,-5.97745,22,0.545616,0.0,half-metal,"3.279,3.268,3.289,3.279,-0.141,-0.141,-0.135,-0.135,-0.139,-0.139,-0.135,-0.135,-0.141,-0.141,-0.139,-0.139,0.089,0.089,0.045,0.045,0.045,0.045",68.0,155.878,431.912,0.29611,73.5629,190.691,426.959,1.85878,6.03319e-05
"a,x4","10.312,0.829393",aflow:9c9e0ffac33bc002,aflowlib.duke.edu:AFLOWDATA/ICSD_WEB/FCC/Gd2O7Ti2_ICSD_164024,"4,14,4",Gd4O14Ti4,6.32746,-9.9162,-9.9162,22,1.27276,3.2703,insulator-indirect_spin-polarized,"7.009,7.01,7.011,7.01,-0.013,-0.014,-0.014,-0.014,-0.014,-0.014,-0.014,-0.014,-0.014,-0.013,-0.014,-0.014,-0.041,-0.041,-0.005,-0.005,-0.005,-0.005",56.0,,,,,,,,
"a,x4","10.4053,0.837561",aflow:9c6ccde385a7b917,aflowlib.duke.edu:AFLOWDATA/ICSD_WEB/FCC/Mo2O7Tb2_ICSD_159770,"4,14,4",Mo4O14Tb4,7.33112,-8.16049,-8.16049,22,0.363634,0.0,half-metal,"1.887,1.889,1.886,1.891,-0.019,-0.031,-0.003,-0.015,0.009,0.009,-0.015,-0.003,-0.031,-0.019,0.009,0.009,-0.001,-0.001,0.023,0.021,0.022,0.022",68.0,,,,,,,,
"a,x4","10.8212,0.834634",aflow:9da40989a3a17b79,aflowlib.duke.edu:AFLOWDATA/ICSD_WEB/FCC/Nd2O7Zr2_ICSD_62794,"4,14,4",Nd4O14Zr4,6.11117,-9.29555,-9.29555,22,0.545454,3.3198,insulator-indirect,"2.968,2.968,2.968,2.968,-0.039,-0.039,-0.009,-0.009,-0.009,-0.009,-0.009,-0.009,-0.009,-0.009,-0.009,-0.009,-0.009,-0.009,-0.003,-0.003,-0.002,-0.003",60.0,,,,,,,,
"a,x4","10.1684,0.417113",aflow:9ecd1f8a22e8be6f,aflowlib.duke.edu:AFLOWDATA/ICSD_WEB/FCC/Er2O7Ti2_ICSD_24152,"4,14,4",Er4O14Ti4,6.85219,-8.27536,-8.27536,22,0.0,3.1078,insulator-indirect,"0,0,0,0,0,0,0,0,0,0,0,0,0,0,0,0,0,0,0,0,0,0",56.0,,,,,,,,
"a,x4","10.1113,0.83119",aflow:9eca8167a44d332a,aflowlib.duke.edu:AFLOWDATA/ICSD_WEB/FCC/Dy2O7V2_ICSD_160864,"4,14,4",Dy4O14V4,6.92481,-8.20286,-8.20286,22,0.18181,0.8105,insulator-indirect,"0.006,0.005,0.006,0.006,-0.027,-0.027,-0.029,-0.028,-0.025,-0.025,-0.028,-0.029,-0.027,-0.027,-0.025,-0.025,0,0,1.034,1.045,1.04,1.04",64.0,,,,,,,,
"a,x4","10.2395,0.830967",aflow:9fdfbb4bc6e77c79,aflowlib.duke.edu:AFLOWDATA/ICSD_WEB/FCC/O7Ti2Y2_ICSD_157667,"14,4,4",O14Ti4Y4,4.7715,-8.5956,-8.5956,22,0.0,3.2885,insulator-indirect,"0,0,0,0,0,0,0,0,0,0,0,0,0,0,0,0,0,0,0,0,0,0",56.0,,,,,,,,
"a,x4","9.8712,0.417115",aflow:9f31bed129498812,aflowlib.duke.edu:AFLOWDATA/ICSD_WEB/FCC/In2Mn2O7_ICSD_56517,"4,4,14",In4Mn4O14,6.23585,-6.46156,-6.46156,22,0.545243,1.2881,insulator-indirect_spin-polarized,"0.043,0.043,0.043,0.042,3.244,3.25,3.244,3.237,-0.117,-0.116,-0.117,-0.117,-0.117,-0.118,-0.117,-0.117,-0.116,-0.117,-0.117,-0.118,0.036,0.036",68.0,,,,,,,,
"a,x4","10.4522,0.422804",aflow:a017fe3de251aa22,aflowlib.duke.edu:AFLOWDATA/ICSD_WEB/FCC/Eu2Ir2O7_ICSD_173948,"4,4,14",Eu4Ir4O14,9.31119,-7.71373,-7.71373,22,1.27777,0.0,metal,"6.603,6.676,6.54,6.606,0.36,0.405,0.31,0.358,-0.268,-0.268,0.033,0.033,0.027,0.013,0.025,0.039,0.013,0.027,0.033,0.033,0.025,0.039",72.0,,,,,,,,
"a,x4","10.2399,0.41914",aflow:a1126e8383f6aa72,aflowlib.duke.edu:AFLOWDATA/ICSD_WEB/FCC/O7Ti2Y2_ICSD_83593,"14,4,4",O14Ti4Y4,4.77089,-8.5956,-8.5956,22,0.0,3.292,insulator-indirect,"0,0,0,0,0,0,0,0,0,0,0,0,0,0,0,0,0,0,0,0,0,0",56.0,,,,,,,,
"a,x4","10.2397,0.419043",aflow:a12e453fee27822e,aflowlib.duke.edu:AFLOWDATA/ICSD_WEB/FCC/O7Ti2Y2_ICSD_164023,"14,4,4",O14Ti4Y4,4.77117,-8.5956,-8.5956,22,0.0,3.2886,insulator-indirect,"0,0,0,0,0,0,0,0,0,0,0,0,0,0,0,0,0,0,0,0,0,0",56.0,,,,,,,,
"a,x4","10.9563,0.418728",aflow:a28b0cbd44db0558,aflowlib.duke.edu:AFLOWDATA/ICSD_WEB/FCC/La2O7Zr2_ICSD_159321,"4,14,4",La4O14Zr4,5.78001,-8.9601,-8.9601,22,0.0,3.8107,insulator-direct,"0,0,0,0,0,0,0,0,0,0,0,0,0,0,0,0,0,0,0,0,0,0",56.0,,,,,,,,
"a,x4","10.3144,0.420781",aflow:a232fbc50917714c,aflowlib.duke.edu:AFLOWDATA/ICSD_WEB/FCC/Gd2O7Ti2_ICSD_188552,"4,14,4",Gd4O14Ti4,6.32305,-9.91622,-9.91622,22,1.27275,3.2742,insulator-indirect_spin-polarized,"7.009,7.01,7.01,7.011,-0.041,-0.041,-0.014,-0.014,-0.014,-0.014,-0.014,-0.013,-0.014,-0.014,-0.014,-0.014,-0.014,-0.013,-0.005,-0.005,-0.005,-0.005",56.0,,,,,,,,
"a,x4","10.6036,0.408219",aflow:a32fb6036a82925f,aflowlib.duke.edu:AFLOWDATA/ICSD_WEB/FCC/O7Sn2Y2_ICSD_157673,"14,4,4",O14Sn4Y4,5.87408,-7.43094,-7.43094,22,0.0,2.2513,insulator-direct,"0,0,0,0,0,0,0,0,0,0,0,0,0,0,0,0,0,0,0,0,0,0",56.0,,,,,,,,
"a,x4","10.3429,0.822003",aflow:a6fc371b690c26a0,aflowlib.duke.edu:AFLOWDATA/ICSD_WEB/FCC/Cd2O7Os2_ICSD_155762,"4,14,4",Cd4O14Os4,8.61127,-5.83499,-5.83499,22,0.544944,0.0,metal,"0.032,0.033,0.032,0.032,0.167,0.148,0.189,0.189,0.165,0.184,0.189,0.189,0.148,0.167,0.165,0.184,0.121,0.121,2.288,2.273,2.289,2.304",68.0,,,,,,,,
"a,x4","10.0876,0.423553",aflow:a619d734be29cc82,aflowlib.duke.edu:AFLOWDATA/ICSD_WEB/FCC/Mn2O7Tl2_ICSD_83268,"4,14,4",Mn4O14Tl4,8.16099,-5.97745,-5.97745,22,0.545629,0.0,half-metal,"3.277,3.266,3.288,3.278,0.089,0.089,-0.14,-0.14,-0.135,-0.134,-0.138,-0.138,-0.134,-0.135,-0.14,-0.14,-0.138,-0.138,0.045,0.045,0.045,0.045",68.0,,,,,,,,
"a,x3,x4","13.0352,0.223713,0.27574",aflow:a70e48dd771ddfc6,aflowlib.duke.edu:AFLOWDATA/ICSD_WEB/FCC/C4Cd1K2N4_ICSD_168524,"8,2,4,8",C8Cd2K4N8,1.76739,-6.69056,-6.69056,22,0.0,5.9833,insulator-indirect,"0,0,0,0,0,0,0,0,0,0,0,0,0,0,0,0,0,0,0,0,0,0",80.0,,,,,,,,
"a,x4","10.51,0.432871",aflow:a7ca7d7c91ec602a,aflowlib.duke.edu:AFLOWDATA/ICSD_WEB/FCC/Cd2Nb2O7_ICSD_75601,"4,4,14",Cd4Nb4O14,5.98026,-6.96765,-6.96765,22,0.0,2.0808,insulator-indirect,"0,0,0,0,0,0,0,0,0,0,0,0,0,0,0,0,0,0,0,0,0,0",56.0,,,,,,,,
"a,x4","10.8478,0.835032",aflow:a82396df41d10e1c,aflowlib.duke.edu:AFLOWDATA/ICSD_WEB/FCC/Bi2O7Sn2_ICSD_86845,"4,14,4",Bi4O14Sn4,7.98554,-5.90764,-5.90764,22,0.0,2.6206,insulator-indirect,"0,0,0,0,0,0,0,0,0,0,0,0,0,0,0,0,0,0,0,0,0,0",64.0,,,,,,,,
"a,x4","10.1421,0.832675",aflow:a9ea942dfec81704,aflowlib.duke.edu:AFLOWDATA/ICSD_WEB/FCC/O7Ti2Yb2_ICSD_173750,"14,4,4",O14Ti4Yb4,7.05291,-7.23343,-7.23343,22,-0.181417,0.0813,insulator-direct,"-0.095,-0.095,-0.057,-0.057,-0.059,-0.059,-0.064,-0.064,-0.059,-0.059,-0.057,-0.057,-0.064,-0.064,0.009,0.009,0.008,0.009,-0.748,-0.727,-0.77,-0.748",56.0,,,,,,,,
"a,x4","10.3799,0.82646",aflow:a9b34bbe452e7e80,aflowlib.duke.edu:AFLOWDATA/ICSD_WEB/FCC/Eu2O7Ti2_ICSD_83596,"4,14,4",Eu4O14Ti4,6.07843,-8.75674,-8.75674,22,1.09306,0.261,insulator-direct,"6.259,6.242,6.242,6.224,-0.065,-0.065,-0.07,-0.071,-0.067,-0.068,-0.071,-0.07,-0.065,-0.065,-0.067,-0.068,-0.144,-0.144,0.004,0.003,0.003,0.003",56.0,,,,,,,,
"a,x4","10.5509,0.876155",aflow:ac5bd576aa2aa9bd,aflowlib.duke.edu:AFLOWDATA/ICSD_WEB/FCC/Gd2O7Zr2_ICSD_261759,"4,14,4",Gd4O14Zr4,6.88715,-10.3493,-10.3493,22,1.27276,0.1497,insulator-direct,"7.021,7.019,7.023,7.021,-0.026,-0.026,-0.024,-0.026,-0.025,-0.024,-0.026,-0.024,-0.026,-0.026,-0.025,-0.024,-0.01,-0.01,-0.007,-0.007,-0.007,-0.007",56.0,,,,,,,,
"a,x4","10.8219,0.887053",aflow:ad8f0e3fb8b241c7,aflowlib.duke.edu:AFLOWDATA/ICSD_WEB/FCC/La2O7Zr2_ICSD_184092,"4,14,4",La4O14Zr4,5.99811,-8.53521,-8.53521,22,0.0,0.0,metal,"0,0,0,0,0,0,0,0,0,0,0,0,0,0,0,0,0,0,0,0,0,0",56.0,,,,,,,,
"a,x4","10.4531,0.817257",aflow:ad6ab41204319f2d,aflowlib.duke.edu:AFLOWDATA/ICSD_WEB/FCC/Hg2O7Os2_ICSD_159801,"4,14,4",Hg4O14Os4,10.3928,-5.47961,-5.47961,22,0.53022,0.0,metal,"0.048,0.051,0.048,0.046,0.163,0.147,0.183,0.183,0.161,0.178,0.183,0.183,0.147,0.163,0.161,0.178,0.165,0.165,2.194,2.167,2.195,2.219",76.0,,,,,,,,
"a,x4","10.2866,0.421982",aflow:b1f0715636739c9c,aflowlib.duke.edu:AFLOWDATA/ICSD_WEB/FCC/Mn2O7Sb2_ICSD_247301,"4,14,4",Mn4O14Sb4,5.67964,-6.77106,-6.77106,22,0.909033,0.0,metal,"4.683,4.681,4.685,4.683,0.022,0.022,0.023,0.022,0.021,0.022,0.022,0.023,0.022,0.022,0.021,0.022,0.03,0.03,0.007,0.006,0.007,0.007",76.0,154.456,553.606,0.26177,87.4866,220.776,561.883,3.67755,4.4881e-05
"a,x4","10.313,0.829214",aflow:b134f5dd37dc7fb8,aflowlib.duke.edu:AFLOWDATA/ICSD_WEB/FCC/Gd2O7Ti2_ICSD_188036,"4,14,4",Gd4O14Ti4,6.32557,-9.91619,-9.91619,22,1.27275,3.276,insulator-indirect_spin-polarized,"7.009,7.01,7.01,7.011,-0.014,-0.014,-0.014,-0.014,-0.013,-0.014,-0.014,-0.014,-0.014,-0.014,-0.013,-0.014,-0.041,-0.041,-0.005,-0.005,-0.005,-0.005",56.0,,,,,,,,
"a,x4","10.4693,0.424404",aflow:b2ea219cd372311d,aflowlib.duke.edu:AFLOWDATA/ICSD_WEB/FCC/Nd2O7Ti2_ICSD_164026,"4,14,4",Nd4O14Ti4,5.74524,-8.54524,-8.54524,22,0.545455,3.218,insulator-indirect_spin-polarized,"2.968,2.968,2.968,2.968,-0.01,-0.01,-0.01,-0.01,-0.01,-0.01,-0.01,-0.01,-0.01,-0.01,-0.01,-0.01,-0.042,-0.042,-0.002,-0.002,-0.002,-0.002",60.0,,,,,,,,
"a,x4","10.8219,0.363085",aflow:b25cdb4458bd8b83,aflowlib.duke.edu:AFLOWDATA/ICSD_WEB/FCC/La2O7Zr2_ICSD_184094,"4,14,4",La4O14Zr4,5.998,-8.53522,-8.53522,22,0.0,0.0,metal,"0,0,0,0,0,0,0,0,0,0,0,0,0,0,0,0,0,0,0,0,0,0",56.0,,,,,,,,
"a,x4","10.5098,0.817145",aflow:b5e30de2be249c35,aflowlib.duke.edu:AFLOWDATA/ICSD_WEB/FCC/Cd2Nb2O7_ICSD_161921,"4,4,14",Cd4Nb4O14,5.98071,-6.96765,-6.96765,22,0.0,2.081,insulator-indirect,"0,0,0,0,0,0,0,0,0,0,0,0,0,0,0,0,0,0,0,0,0,0",56.0,,,,,,,,
"a,x4","10.5122,0.41816",aflow:b664db6403115173,aflowlib.duke.edu:AFLOWDATA/ICSD_WEB/FCC/Nd2O7Ru2_ICSD_161572,"4,14,4",Nd4O14Ru4,6.89126,-7.6177,-7.6177,22,0.909098,0.5177,insulator-indirect,"2.987,2.985,2.988,2.987,-0.04,-0.04,0.067,0.067,0.056,0.069,0.064,0.051,0.069,0.056,0.067,0.067,0.064,0.051,1.69,1.678,1.702,1.69",76.0,,,,,,,,
"a,x4","10.3417,0.428128",aflow:b764c9e375e3c3a3,aflowlib.duke.edu:AFLOWDATA/ICSD_WEB/FCC/Cd2O7Os2_ICSD_155761,"4,14,4",Cd4O14Os4,8.61409,-5.83501,-5.83501,22,0.545006,0.0,metal,"0.032,0.032,0.033,0.032,0.19,0.189,0.165,0.184,0.167,0.148,0.184,0.165,0.189,0.19,0.167,0.148,0.12,0.12,2.288,2.303,2.272,2.288",68.0,,,,,,,,
"a,x4","10.3373,0.411486",aflow:b857eda6f6bae17d,aflowlib.duke.edu:AFLOWDATA/ICSD_WEB/FCC/Dy2O7Tc2_ICSD_109080,"4,14,4",Dy4O14Tc4,7.63422,-7.88166,-7.88166,22,0.545465,1.3957,insulator-indirect_spin-polarized,"0.063,0.062,0.062,0.061,0.071,0.071,0.071,0.058,0.063,0.051,0.058,0.071,0.071,0.071,0.063,0.051,0.001,0.001,2.592,2.591,2.591,2.59",72.0,186.522,497.247,0.280721,95.8064,245.403,505.984,5.00051,3.28746e-05
"a,x4","10.4665,0.404118",aflow:b88bf7849f6b2379,aflowlib.duke.edu:AFLOWDATA/ICSD_WEB/FCC/Lu2O7Sn2_ICSD_82965,"4,14,4",Lu4O14Sn4,8.10216,-7.09362,-7.09362,22,0.0,2.1098,insulator-direct,"0,0,0,0,0,0,0,0,0,0,0,0,0,0,0,0,0,0,0,0,0,0",56.0,,,,,,,,
"a,x4","10.2978,0.821707",aflow:b9183dd0b14fd78b,aflowlib.duke.edu:AFLOWDATA/ICSD_WEB/FCC/Cd2O7Ru2_ICSD_86773,"4,14,4",Cd4O14Ru4,6.55629,-5.37023,-5.37023,22,0.54467,0.0,metal,"0.03,0.029,0.03,0.03,0.206,0.182,0.184,0.161,0.214,0.214,0.161,0.184,0.182,0.206,0.214,0.214,0.148,0.148,2.165,2.137,2.151,2.152",68.0,,,,,,,,
"a,x4","10.5494,0.82072",aflow:bc370dbba9251e37,aflowlib.duke.edu:AFLOWDATA/ICSD_WEB/FCC/Hg2O7Sb2_ICSD_160088,"4,14,4",Hg4O14Sb4,8.56176,-4.98453,-4.98453,22,0.0,0.0,metal,"0,0,0,0,0,0,0,0,0,0,0,0,0,0,0,0,0,0,0,0,0,0",64.0,149.528,394.071,0.296821,70.2818,182.286,397.052,2.0121,5.04491e-05
"a,x4","10.5117,0.83079",aflow:bcf8fbb0ec2aca65,aflowlib.duke.edu:AFLOWDATA/ICSD_WEB/FCC/Ir2O7Pr2_ICSD_156436,"4,14,4",Ir4O14Pr4,8.90105,-7.2952,-7.2952,22,0.545454,0.0,half-metal,"0.691,0.679,0.686,0.689,0.097,0.102,0.084,0.089,0.067,0.067,0.089,0.084,0.102,0.097,0.067,0.067,-0.031,-0.031,2,2.005,2.002,2.002",76.0,,,,,,,,
"a,x4","10.4568,0.839468",aflow:bc78f78037a30785,aflowlib.duke.edu:AFLOWDATA/ICSD_WEB/FCC/Er2Hf2O7_ICSD_162006,"4,4,14",Er4Hf4O14,9.33528,-9.36257,-9.36257,22,0.0,3.0089,insulator-indirect,"0,0,0,0,0,0,0,0,0,0,0,0,0,0,0,0,0,0,0,0,0,0",56.0,172.767,448.492,0.262457,97.5229,246.237,472.974,5.98782,3.03539e-05
"a,x4","10.4694,0.417551",aflow:bc84d971fcaf7f78,aflowlib.duke.edu:AFLOWDATA/ICSD_WEB/FCC/Eu2O7Pt2_ICSD_173952,"4,14,4",Eu4O14Pt4,9.33172,-7.13003,-7.13003,22,1.15919,0.0,metal,"6.292,6.3,6.283,6.29,-0.149,-0.149,-0.028,-0.028,0.026,0.016,-0.02,-0.015,0.016,0.026,-0.028,-0.028,-0.02,-0.015,0.06,0.076,0.049,0.065",64.0,,,,,,,,
"a,x4","10.5089,0.432746",aflow:bd047ab93ea857d5,aflowlib.duke.edu:AFLOWDATA/ICSD_WEB/FCC/Cd2Nb2O7_ICSD_75604,"4,4,14",Cd4Nb4O14,5.9822,-6.96765,-6.96765,22,0.0,2.0812,insulator-indirect,"0,0,0,0,0,0,0,0,0,0,0,0,0,0,0,0,0,0,0,0,0,0",56.0,,,,,,,,
"a,x4","10.5046,0.838023",aflow:bdc7c8a963dd344a,aflowlib.duke.edu:AFLOWDATA/ICSD_WEB/FCC/Dy2Hf2O7_ICSD_245138,"4,4,14",Dy4Hf4O14,9.09923,-9.37392,-9.37392,22,0.0,3.2251,insulator-indirect,"0,0,0,0,0,0,0,0,0,0,0,0,0,0,0,0,0,0,0,0,0,0",60.0,,,,,,,,
"a,x4","10.6154,0.408408",aflow:bd190d01142f162c,aflowlib.duke.edu:AFLOWDATA/ICSD_WEB/FCC/O7Sn2Tb2_ICSD_159787,"14,4,4",O14Sn4Tb4,7.40975,-7.11239,-7.11239,22,0.0,2.2253,insulator-direct,"0,0,0,0,0,0,0,0,0,0,0,0,0,0,0,0,0,0,0,0,0,0",60.0,,,,,,,,
"a,x4","10.3427,0.822015",aflow:be91a11d8887b483,aflowlib.duke.edu:AFLOWDATA/ICSD_WEB/FCC/Cd2O7Os2_ICSD_155770,"4,14,4",Cd4O14Os4,8.61167,-5.83499,-5.83499,22,0.544938,0.0,metal,"0.032,0.033,0.032,0.032,0.167,0.148,0.189,0.189,0.165,0.184,0.189,0.189,0.148,0.167,0.165,0.184,0.121,0.121,2.288,2.273,2.289,2.304",68.0,,,,,,,,
"a,x4","10.4531,0.817259",aflow:becda3d39931c656,aflowlib.duke.edu:AFLOWDATA/ICSD_WEB/FCC/Hg2O7Os2_ICSD_159798,"4,14,4",Hg4O14Os4,10.393,-5.47961,-5.47961,22,0.530221,0.0,metal,"0.048,0.051,0.048,0.046,0.163,0.147,0.183,0.183,0.161,0.178,0.183,0.183,0.147,0.163,0.161,0.178,0.165,0.165,2.194,2.167,2.195,2.219",76.0,,,,,,,,
"a,x4","10.8216,0.836366",aflow:c1b44328f2767a11,aflowlib.duke.edu:AFLOWDATA/ICSD_WEB/FCC/Nd2O7Sn2_ICSD_82958,"4,14,4",Nd4O14Sn4,6.68642,-7.07953,-7.07953,22,0.54545,0.0,half-metal,"2.853,3.157,3.008,3,-0.016,-0.015,-0.017,-0.016,-0.015,-0.015,-0.016,-0.017,-0.015,-0.016,-0.015,-0.015,-0.099,-0.099,0.001,0.001,0.001,0.001",60.0,,,,,,,,
"a,x4","10.2617,0.838063",aflow:c1c40da078a99fb2,aflowlib.duke.edu:AFLOWDATA/ICSD_WEB/FCC/Dy2O7Ru2_ICSD_78151,"4,14,4",Dy4O14Ru4,7.85734,-7.36566,-7.36566,22,0.363662,0.553,insulator-indirect,"0.05,0.051,0.05,0.05,0.073,0.06,0.07,0.07,0.055,0.068,0.07,0.07,0.06,0.073,0.055,0.068,-0.001,-0.001,1.709,1.698,1.708,1.72",76.0,189.467,477.88,0.295453,89.748,232.529,483.999,4.26953,3.42479e-05
"a,x4","10.3706,0.411218",aflow:c180587aa9cd9240,aflowlib.duke.edu:AFLOWDATA/ICSD_WEB/FCC/O7Pr2Ru2_ICSD_163397,"14,4,4",O14Pr4Ru4,7.09807,-6.77691,-6.77691,22,0.0,0.0,metal,"0,0,0,0,0,0,0,0,0,0,0,0,0,0,0,0,0,0,0,0,0,0",76.0,,,,,,,,
"a,x4","10.453,0.817262",aflow:c181e1f24c013ca9,aflowlib.duke.edu:AFLOWDATA/ICSD_WEB/FCC/Hg2O7Os2_ICSD_159799,"4,14,4",Hg4O14Os4,10.3931,-5.47961,-5.47961,22,0.530221,0.0,metal,"0.048,0.051,0.048,0.046,0.163,0.147,0.183,0.183,0.161,0.178,0.183,0.183,0.147,0.163,0.161,0.178,0.165,0.165,2.194,2.167,2.195,2.219",76.0,,,,,,,,
"a,x4","10.9545,0.418754",aflow:c142dd8e4c90e6ef,aflowlib.duke.edu:AFLOWDATA/ICSD_WEB/FCC/La2O7Zr2_ICSD_150206,"4,14,4",La4O14Zr4,5.78286,-8.96012,-8.96012,22,0.0,3.8147,insulator-direct,"0,0,0,0,0,0,0,0,0,0,0,0,0,0,0,0,0,0,0,0,0,0",56.0,,,,,,,,
"a,x4","10.5329,0.415794",aflow:c3e7986ac115a134,aflowlib.duke.edu:AFLOWDATA/ICSD_WEB/FCC/Nd2O7Pt2_ICSD_402456,"4,14,4",Nd4O14Pt4,8.98834,-6.94354,-6.94354,22,0.545454,1.3734,insulator-indirect,"2.966,2.967,2.967,2.967,-0.009,-0.009,-0.01,-0.01,-0.01,-0.01,-0.01,-0.01,-0.009,-0.009,-0.01,-0.01,-0.039,-0.039,-0.002,-0.002,-0.002,-0.002",68.0,,,,,,,,
"a,x4","10.6152,0.841625",aflow:c4732fa16eb24522,aflowlib.duke.edu:AFLOWDATA/ICSD_WEB/FCC/O7Sn2Tb2_ICSD_82959,"14,4,4",O14Sn4Tb4,7.41013,-7.11239,-7.11239,22,0.0,2.2244,insulator-direct,"0,0,0,0,0,0,0,0,0,0,0,0,0,0,0,0,0,0,0,0,0,0",60.0,161.139,466.444,0.272806,86.2893,219.659,468.076,4.11772,3.76806e-05
"a,x4","13.2354,0.909079",aflow:c6ee533bcd8becd9,aflowlib.duke.edu:AFLOWDATA/LIB3_WEB/PPb_dSb/ICSD_24246.ABC,"14,4,4",P14Pb4Sb4,5.01186,-4.15918,-4.15918,22,0.0,,,,,,,,,,,,
"a,x4","10.8273,0.887034",aflow:c733c86b1419cb30,aflowlib.duke.edu:AFLOWDATA/ICSD_WEB/FCC/La2O7Zr2_ICSD_184101,"4,14,4",La4O14Zr4,5.98909,-8.53518,-8.53518,22,0.0,0.0,metal,"0,0,0,0,0,0,0,0,0,0,0,0,0,0,0,0,0,0,0,0,0,0",56.0,,,,,,,,
"a,x4","10.5041,0.432608",aflow:c797feae085b5786,aflowlib.duke.edu:AFLOWDATA/ICSD_WEB/FCC/Cd2Nb2O7_ICSD_168999,"4,4,14",Cd4Nb4O14,5.99033,-6.96758,-6.96758,22,0.0,2.0848,insulator-indirect,"0,0,0,0,0,0,0,0,0,0,0,0,0,0,0,0,0,0,0,0,0,0",56.0,,,,,,,,
"a,x4","10.9011,0.432436",aflow:c809fa92b0ea63ea,aflowlib.duke.edu:AFLOWDATA/ICSD_WEB/FCC/Cu2F6Hg2S1_ICSD_27327,"4,12,4,2",Cu4F12Hg4S2,6.91509,-3.17754,-3.17754,22,0.182047,0.0,half-metal,"0.771,0.728,0.714,0.744,0.087,0.091,0.088,0.089,0.084,0.086,0.089,0.088,0.091,0.087,0.084,0.086,-0.001,-0.001,-0.001,-0.001,-0.002,-0.002",56.0,,,,,,,,
"a,x4","10.6126,0.427623",aflow:c8ceda96a42c3e88,aflowlib.duke.edu:AFLOWDATA/ICSD_WEB/FCC/Eu2Mo2O7_ICSD_173946,"4,4,14",Eu4Mo4O14,6.75505,-8.76192,-8.76192,22,1.45455,0.0,half-metal,"6.591,6.605,6.563,6.593,1.334,1.301,1.365,1.332,-0.068,-0.068,-0.004,-0.005,-0.019,-0.026,-0.017,-0.01,-0.026,-0.019,-0.005,-0.004,-0.017,-0.01",64.0,,,,,,,,
"a,x4","10.6145,0.841631",aflow:cedf17a4e9dbe94a,aflowlib.duke.edu:AFLOWDATA/ICSD_WEB/FCC/O7Sn2Tb2_ICSD_159788,"14,4,4",O14Sn4Tb4,7.41157,-7.11239,-7.11239,22,0.0,2.2258,insulator-direct,"0,0,0,0,0,0,0,0,0,0,0,0,0,0,0,0,0,0,0,0,0,0",60.0,,,,,,,,
"a,x4","10.5066,0.405442",aflow:d07be6ef67169729,aflowlib.duke.edu:AFLOWDATA/ICSD_WEB/FCC/O7Sn2Tm2_ICSD_82963,"14,4,4",O14Sn4Tm4,7.87165,-7.30322,-7.30322,22,0.36364,1.7741,insulator-direct,"0.005,0.006,0.005,0.005,0.006,0.007,0.005,0.005,0.006,0.005,0.006,0.007,0.018,0.018,0,0,0,0,1.979,1.975,1.97,1.975",60.0,,,,,,,,
"a,x4","10.24,0.830869",aflow:d0f4b2501a789602,aflowlib.duke.edu:AFLOWDATA/ICSD_WEB/FCC/O7Ti2Y2_ICSD_160111,"14,4,4",O14Ti4Y4,4.77079,-8.5956,-8.5956,22,0.0,3.2916,insulator-indirect,"0,0,0,0,0,0,0,0,0,0,0,0,0,0,0,0,0,0,0,0,0,0",56.0,,,,,,,,
"a,x4","10.4283,0.831568",aflow:d1c53dfc3ace44df,aflowlib.duke.edu:AFLOWDATA/ICSD_WEB/FCC/Bi2Ir2O7_ICSD_161103,"4,4,14",Bi4Ir4O14,10.7112,-6.05226,-6.05226,22,0.0,0.0,metal,"0,0,0,0,0,0,0,0,0,0,0,0,0,0,0,0,0,0,0,0,0,0",80.0,181.517,388.125,0.300895,83.3448,216.846,401.036,3.29991,3.55691e-05
"a,x4","10.9541,0.418577",aflow:d146f4324e1aee9e,aflowlib.duke.edu:AFLOWDATA/ICSD_WEB/FCC/La2O7Zr2_ICSD_15165,"4,14,4",La4O14Zr4,5.78358,-8.96014,-8.96014,22,0.0,3.7972,insulator-direct,"0,0,0,0,0,0,0,0,0,0,0,0,0,0,0,0,0,0,0,0,0,0",56.0,155.689,498.354,0.276298,81.8649,208.968,512.047,5.3462,3.09565e-05
"a,x4","10.2783,0.412604",aflow:d3ff64cbbc976ffe,aflowlib.duke.edu:AFLOWDATA/ICSD_WEB/FCC/O7Ru2Y2_ICSD_73799,"14,4,4",O14Ru4Y4,6.01864,-7.68351,-7.68351,22,0.36364,0.5591,insulator-indirect,"0.054,0.066,0.07,0.07,0.072,0.059,0.07,0.07,0.066,0.054,0.072,0.059,-0.001,-0.001,1.709,1.719,1.709,1.699,0.03,0.03,0.03,0.029",72.0,187.339,541.614,0.29575,88.5913,229.584,546.998,4.75822,3.32709e-05
"a,x4","10.1445,0.831428",aflow:d308c5f751061c6e,aflowlib.duke.edu:AFLOWDATA/ICSD_WEB/FCC/Ni2O7Sb2_ICSD_247303,"4,14,4",Ni4O14Sb4,6.01717,-5.35532,-5.35532,22,0.363663,0.0,half-metal,"1.718,1.91,1.728,1.553,0.048,0.045,0.062,0.062,0.055,0.057,0.062,0.062,0.045,0.048,0.055,0.057,0.136,0.136,-0.004,-0.004,-0.004,-0.005",64.0,,,,,,,,
"a,x4","10.9546,0.831303",aflow:d7291827efdc2c9c,aflowlib.duke.edu:AFLOWDATA/ICSD_WEB/FCC/La2O7Zr2_ICSD_51573,"4,14,4",La4O14Zr4,5.78272,-8.96012,-8.96012,22,0.0,3.8088,insulator-direct,"0,0,0,0,0,0,0,0,0,0,0,0,0,0,0,0,0,0,0,0,0,0",56.0,,,,,,,,
"a,x4","10.6064,0.408216",aflow:d7d99f26b0f9b5e4,aflowlib.duke.edu:AFLOWDATA/ICSD_WEB/FCC/O7Sn2Y2_ICSD_84803,"14,4,4",O14Sn4Y4,5.86952,-7.43094,-7.43094,22,0.0,2.2456,insulator-direct,"0,0,0,0,0,0,0,0,0,0,0,0,0,0,0,0,0,0,0,0,0,0",56.0,,,,,,,,
"a,x4","10.8224,0.363123",aflow:d7aa254df71619ca,aflowlib.duke.edu:AFLOWDATA/ICSD_WEB/FCC/La2O7Zr2_ICSD_184093,"4,14,4",La4O14Zr4,5.99732,-8.53522,-8.53522,22,0.0,0.0,metal,"0,0,0,0,0,0,0,0,0,0,0,0,0,0,0,0,0,0,0,0,0,0",56.0,,,,,,,,
"a,x4","10.4531,0.43274",aflow:d9a6d06689742a20,aflowlib.duke.edu:AFLOWDATA/ICSD_WEB/FCC/Hg2O7Os2_ICSD_159805,"4,14,4",Hg4O14Os4,10.393,-5.47961,-5.47961,22,0.53022,0.0,metal,"0.048,0.048,0.046,0.051,0.147,0.163,0.178,0.161,0.183,0.183,0.161,0.178,0.163,0.147,0.183,0.183,0.165,0.165,2.195,2.194,2.219,2.167",76.0,,,,,,,,
"a,x4","10.0821,0.433128",aflow:d93ab2e8e19420a4,aflowlib.duke.edu:AFLOWDATA/ICSD_WEB/FCC/O7V2Yb2_ICSD_32689,"14,4,4",O14V4Yb4,7.25841,-7.15481,-7.15481,22,0.0,0.0,metal,"0,0,0,0,0,0,0,0,0,0,0,0,0,0,0,0,0,0,0,0,0,0",60.0,,,,,,,,
"a,x4","10.474,0.835775",aflow:da96040e29db5027,aflowlib.duke.edu:AFLOWDATA/ICSD_WEB/FCC/Gd2Mo2O7_ICSD_159774,"4,4,14",Gd4Mo4O14,7.14912,-9.802,-9.802,22,1.26314,0.0,metal,"7.011,7.013,7.011,7.01,-0.055,-0.053,-0.056,-0.057,-0.01,-0.011,-0.01,-0.01,-0.01,-0.01,-0.01,-0.01,-0.011,-0.01,-0.01,-0.01,-0.041,-0.041",64.0,,,,,,,,
"a,x4","10.4511,0.817522",aflow:dbab413fae29930e,aflowlib.duke.edu:AFLOWDATA/ICSD_WEB/FCC/Hg2O7Os2_ICSD_159809,"4,14,4",Hg4O14Os4,10.3989,-5.47955,-5.47955,22,0.530416,0.0,metal,"0.048,0.051,0.048,0.046,0.163,0.147,0.183,0.183,0.161,0.177,0.183,0.183,0.147,0.163,0.161,0.177,0.166,0.166,2.195,2.169,2.197,2.221",76.0,,,,,,,,
"a,x4","10.3838,0.426343",aflow:dbe2738efe3601bf,aflowlib.duke.edu:AFLOWDATA/ICSD_WEB/FCC/O7Ru2Tl2_ICSD_51158,"14,4,4",O14Ru4Tl4,8.57698,-5.57561,-5.57561,22,0.36374,0.0,half-metal,"0.085,0.098,0.101,0.102,0.093,0.104,0.102,0.101,0.098,0.085,0.093,0.104,0.053,0.053,1.631,1.642,1.658,1.645,-0.043,-0.032,-0.023,-0.034",72.0,,,,,,,,
"a,x4","10.8235,0.363195",aflow:dcda1dc86d527c02,aflowlib.duke.edu:AFLOWDATA/ICSD_WEB/FCC/La2O7Zr2_ICSD_184089,"4,14,4",La4O14Zr4,5.99549,-8.53523,-8.53523,22,0.0,0.0,metal,"0,0,0,0,0,0,0,0,0,0,0,0,0,0,0,0,0,0,0,0,0,0",56.0,,,,,,,,
"a,x4","10.6955,0.882008",aflow:dda3fbb14b38a63e,aflowlib.duke.edu:AFLOWDATA/ICSD_WEB/FCC/Nd2O7Zr2_ICSD_160164,"4,14,4",Nd4O14Zr4,6.32915,-8.93133,-8.93133,22,0.545099,0.0,metal,"2.967,2.97,2.963,2.967,-0.025,-0.025,-0.024,-0.022,-0.021,-0.023,-0.022,-0.024,-0.025,-0.025,-0.021,-0.023,-0.017,-0.017,-0.001,-0.001,-0.002,-0.001",60.0,,,,,,,,
"a,x4","10.615,0.841591",aflow:de4d43bb9330fef3,aflowlib.duke.edu:AFLOWDATA/ICSD_WEB/FCC/O7Sn2Tb2_ICSD_159791,"14,4,4",O14Sn4Tb4,7.41053,-7.11239,-7.11239,22,0.0,2.2262,insulator-direct,"0,0,0,0,0,0,0,0,0,0,0,0,0,0,0,0,0,0,0,0,0,0",60.0,,,,,,,,
"a,x4","10.1243,0.419498",aflow:de4894bbdb4936cc,aflowlib.duke.edu:AFLOWDATA/ICSD_WEB/FCC/O7V2Y2_ICSD_160865,"14,4,4",O14V4Y4,5.014,-8.52016,-8.52016,22,0.18171,0.8073,insulator-indirect,"-0.026,-0.027,-0.025,-0.025,-0.028,-0.029,-0.025,-0.025,-0.027,-0.026,-0.028,-0.029,0,0,1.044,1.039,1.034,1.039,0.004,0.004,0.005,0.004",60.0,190.011,624.615,0.285263,95.2391,244.815,625.851,6.22808,3.13195e-05
"a,x4","10.3841,0.423479",aflow:df93e7346ab277e8,aflowlib.duke.edu:AFLOWDATA/ICSD_WEB/FCC/Eu2O7Ti2_ICSD_92767,"4,14,4",Eu4O14Ti4,6.0711,-8.75678,-8.75678,22,1.09326,0.2582,insulator-direct,"6.241,6.222,6.258,6.24,-0.065,-0.065,-0.067,-0.068,-0.071,-0.07,-0.068,-0.067,-0.065,-0.065,-0.071,-0.07,-0.144,-0.144,0.004,0.003,0.004,0.004",56.0,,,,,,,,
"a,x4","10.8214,0.83462",aflow:e09019824e8a6e38,aflowlib.duke.edu:AFLOWDATA/ICSD_WEB/FCC/Nd2O7Zr2_ICSD_261854,"4,14,4",Nd4O14Zr4,6.11081,-9.29556,-9.29556,22,0.545482,3.3245,insulator-indirect,"2.968,2.969,2.968,2.968,-0.009,-0.009,-0.009,-0.009,-0.009,-0.009,-0.009,-0.009,-0.009,-0.009,-0.009,-0.009,-0.039,-0.039,-0.002,-0.003,-0.002,-0.002",60.0,,,,,,,,
"a,x4","10.397,0.41248",aflow:e02b08383d20cea7,aflowlib.duke.edu:AFLOWDATA/ICSD_WEB/FCC/Mo2O7Y2_ICSD_202522,"4,14,4",Mo4O14Y4,5.69347,-8.47719,-8.47719,22,0.363624,0.0,half-metal,"1.889,1.888,1.882,1.883,0.009,0.009,-0.015,-0.002,-0.019,-0.03,-0.002,-0.015,0.009,0.009,-0.019,-0.03,-0.001,-0.001,0.019,0.02,0.019,0.019",64.0,,,,,,,,
"a,x3,x4","12.6213,0.784081,0.730398",aflow:e01d558b3e5926a9,aflowlib.duke.edu:AFLOWDATA/ICSD_WEB/FCC/C4K2N4Zn1_ICSD_14368,"8,4,8,2",C8K4N8Zn2,1.63629,-6.79254,-6.79254,22,0.0,6.0824,insulator-indirect,"0,0,0,0,0,0,0,0,0,0,0,0,0,0,0,0,0,0,0,0,0,0",80.0,,,,,,,,
"a,x4","10.8269,0.363031",aflow:e03d7a163ce68bfe,aflowlib.duke.edu:AFLOWDATA/ICSD_WEB/FCC/La2O7Zr2_ICSD_184095,"4,14,4",La4O14Zr4,5.98982,-8.5352,-8.5352,22,0.0,0.0,metal,"0,0,0,0,0,0,0,0,0,0,0,0,0,0,0,0,0,0,0,0,0,0",56.0,,,,,,,,
"a,x4","9.9139,0.42078",aflow:e18a572823737d87,aflowlib.duke.edu:AFLOWDATA/ICSD_WEB/FCC/Ge2O7Yb2_ICSD_65618,"4,14,4",Ge4O14Yb4,8.22453,-6.38627,-6.38627,22,0.181568,0.3341,insulator-indirect_spin-polarized,"-0.002,-0.002,-0.002,-0.002,0.087,0.087,0.05,0.05,0.054,0.052,0.05,0.052,0.052,0.054,0.05,0.05,0.05,0.052,0.781,0.811,0.751,0.781",56.0,,,,,,,,
"a,x4","10.7595,0.414503",aflow:e33bad894597acfd,aflowlib.duke.edu:AFLOWDATA/ICSD_WEB/FCC/Eu2O7Zr2_ICSD_173950,"4,14,4",Eu4O14Zr4,6.38147,-9.48624,-9.48624,22,1.09091,0.1307,insulator-direct,"6.283,6.3,6.265,6.283,-0.178,-0.178,-0.07,-0.07,-0.074,-0.072,-0.076,-0.078,-0.072,-0.074,-0.07,-0.07,-0.076,-0.078,0.001,0.002,-0.001,0.001",56.0,,,,,,,,
"a,x4","10.8959,0.817522",aflow:e777416a43df0db1,aflowlib.duke.edu:AFLOWDATA/ICSD_WEB/FCC/Cu2F6Hg2S1_ICSD_156366,"4,12,4,2",Cu4F12Hg4S2,6.92488,-3.17766,-3.17766,22,0.182045,0.0,half-metal,"0.714,0.728,0.771,0.745,0.086,0.084,0.088,0.089,0.091,0.087,0.089,0.088,0.084,0.086,0.091,0.087,-0.001,-0.001,-0.001,-0.001,-0.002,-0.002",56.0,,,,,,,,
"a,x4","10.3103,0.834667",aflow:e7d3935cbc89f8e8,aflowlib.duke.edu:AFLOWDATA/ICSD_WEB/FCC/O7Pt2Tl2_ICSD_22215,"14,4,4",O14Pt4Tl4,11.0409,-4.97798,-4.97798,22,0.0,0.8794,insulator-direct,"0,0,0,0,0,0,0,0,0,0,0,0,0,0,0,0,0,0,0,0,0,0",64.0,171.894,390.38,0.287836,84.9562,218.819,400.865,2.70535,4.2807e-05
"a,x4","10.5124,0.418159",aflow:e8c446b0bfadce7a,aflowlib.duke.edu:AFLOWDATA/ICSD_WEB/FCC/Nd2O7Ru2_ICSD_82304,"4,14,4",Nd4O14Ru4,6.89095,-7.61771,-7.61771,22,0.909073,0.5178,insulator-indirect,"2.987,2.985,2.988,2.987,0.067,0.067,0.056,0.069,0.064,0.051,0.069,0.056,0.067,0.067,0.064,0.051,-0.04,-0.04,1.69,1.678,1.702,1.69",76.0,,,,,,,,
"a,x4","10.3146,0.829216",aflow:e80244ff495280ed,aflowlib.duke.edu:AFLOWDATA/ICSD_WEB/FCC/Gd2O7Ti2_ICSD_150210,"4,14,4",Gd4O14Ti4,6.32264,-9.91623,-9.91623,22,1.27275,3.274,insulator-indirect_spin-polarized,"7.011,7.01,7.01,7.009,-0.014,-0.014,-0.014,-0.014,-0.014,-0.013,-0.014,-0.014,-0.014,-0.014,-0.014,-0.013,-0.041,-0.041,-0.005,-0.005,-0.005,-0.005",56.0,,,,,,,,
"a,x4","10.2086,0.839527",aflow:e93e8b4777a3b2a0,aflowlib.duke.edu:AFLOWDATA/ICSD_WEB/FCC/Er2O7Ru2_ICSD_97533,"4,14,4",Er4O14Ru4,8.09935,-7.37072,-7.37072,22,0.363641,0.555,insulator-indirect,"0.057,0.058,0.058,0.059,0.068,0.069,0.054,0.066,0.058,0.071,0.066,0.054,0.069,0.068,0.058,0.071,-0.001,-0.001,1.723,1.712,1.712,1.702",72.0,191.189,474.893,0.295739,90.4173,234.315,482.938,4.33276,3.41074e-05
"a,x3,x4","13.0137,0.222945,0.275014",aflow:ebbc2803b09d67e6,aflowlib.duke.edu:AFLOWDATA/ICSD_WEB/FCC/C4Hg1K2N4_ICSD_23995,"8,2,4,8",C8Hg2K4N8,2.30769,-6.57642,-6.57642,22,0.0,5.8361,insulator-indirect,"0,0,0,0,0,0,0,0,0,0,0,0,0,0,0,0,0,0,0,0,0,0",84.0,,,,,,,,
"a,x4","10.8211,0.834604",aflow:ed2e50cbaff96773,aflowlib.duke.edu:AFLOWDATA/ICSD_WEB/FCC/Nd2O7Zr2_ICSD_153227,"4,14,4",Nd4O14Zr4,6.11126,-9.29555,-9.29555,22,0.5454,3.3524,insulator-indirect,"2.969,2.969,2.969,2.969,-0.01,-0.01,-0.01,-0.01,-0.01,-0.01,-0.01,-0.01,-0.01,-0.01,-0.01,-0.01,-0.041,-0.041,-0.002,-0.002,-0.002,-0.002",60.0,,,,,,,,
"a,x4","10.3437,0.822021",aflow:ef99b96419a9f2da,aflowlib.duke.edu:AFLOWDATA/ICSD_WEB/FCC/Cd2O7Os2_ICSD_155767,"4,14,4",Cd4O14Os4,8.6091,-5.83499,-5.83499,22,0.544935,0.0,metal,"0.032,0.033,0.032,0.032,0.167,0.148,0.189,0.189,0.165,0.184,0.189,0.189,0.148,0.167,0.165,0.184,0.121,0.121,2.289,2.273,2.289,2.304",68.0,,,,,,,,
"a,x4","10.3816,0.8267",aflow:ef4b6d3f5efb552a,aflowlib.duke.edu:AFLOWDATA/ICSD_WEB/FCC/Eu2O7Ti2_ICSD_188551,"4,14,4",Eu4O14Ti4,6.0754,-8.7568,-8.7568,22,1.09191,0.2557,insulator-direct,"6.244,6.262,6.226,6.244,-0.145,-0.145,-0.066,-0.066,-0.068,-0.069,-0.072,-0.071,-0.069,-0.068,-0.066,-0.066,-0.072,-0.071,0.003,0.004,0.003,0.003",56.0,,,,,,,,
"a,x4","10.2931,0.412759",aflow:f011c8cd1c22ea67,aflowlib.duke.edu:AFLOWDATA/ICSD_WEB/FCC/O7Ru2Tb2_ICSD_82305,"14,4,4",O14Ru4Tb4,7.69849,-7.36279,-7.36279,22,0.363626,0.5522,insulator-indirect,"0.056,0.068,0.071,0.071,0.073,0.061,0.071,0.071,0.068,0.056,0.073,0.061,-0.001,-0.001,1.707,1.696,1.707,1.718,0.046,0.045,0.046,0.046",76.0,,,,,,,,
"a,x4","10.8862,0.83308",aflow:f1736e95989e5fe1,aflowlib.duke.edu:AFLOWDATA/ICSD_WEB/FCC/Ce2O7Zr2_ICSD_154755,"4,14,4",Ce4O14Zr4,5.91748,-9.00725,-9.00725,22,0.18181,3.0035,insulator-direct,"0.975,0.974,0.975,0.975,-0.002,-0.003,-0.003,-0.003,-0.003,-0.002,-0.003,-0.003,-0.003,-0.002,-0.003,-0.002,-0.017,-0.017,-0.001,-0.001,-0.001,-0.001",60.0,,,,,,,,
"a,x4","10.5508,0.37383",aflow:f1287d45c31c185a,aflowlib.duke.edu:AFLOWDATA/ICSD_WEB/FCC/Gd2O7Zr2_ICSD_160158,"4,14,4",Gd4O14Zr4,6.88743,-10.3493,-10.3493,22,1.27275,0.1483,insulator-direct,"7.021,7.019,7.021,7.023,-0.024,-0.025,-0.026,-0.026,-0.026,-0.024,-0.026,-0.026,-0.025,-0.024,-0.026,-0.024,-0.01,-0.01,-0.007,-0.007,-0.007,-0.007",56.0,176.817,433.638,0.328497,68.4787,181.947,436.106,3.66031,3.25078e-05
"a,x4","10.4794,0.821185",aflow:f323238dce7c83d4,aflowlib.duke.edu:AFLOWDATA/ICSD_WEB/FCC/F6Hg2O1Zn2_ICSD_27330,"12,4,2,4",F12Hg4O2Zn4,7.64083,-3.51435,-3.51435,22,0.0,1.097,insulator-indirect,"0,0,0,0,0,0,0,0,0,0,0,0,0,0,0,0,0,0,0,0,0,0",40.0,,,,,,,,
"a,x4","10.6767,0.838635",aflow:f3e28f6e1c8493ab,aflowlib.duke.edu:AFLOWDATA/ICSD_WEB/FCC/Gd2O7Zr2_ICSD_188035,"4,14,4",Gd4O14Zr4,6.64662,-10.6304,-10.6304,22,1.27276,2.8475,insulator-direct,"7.008,7.009,7.008,7.008,-0.013,-0.013,-0.013,-0.013,-0.013,-0.013,-0.013,-0.013,-0.013,-0.013,-0.013,-0.013,-0.043,-0.043,-0.005,-0.005,-0.005,-0.004",56.0,160.117,488.813,0.272254,85.9873,218.795,511.992,5.79357,3.07393e-05
"a,x4","10.3491,0.821327",aflow:f52bff077a988da9,aflowlib.duke.edu:AFLOWDATA/ICSD_WEB/FCC/Ca2O7Ru2_ICSD_156409,"4,14,4",Ca4O14Ru4,4.72556,-6.3851,-6.3851,22,0.545259,0.0,half-metal,"0.013,0.014,0.013,0.012,0.196,0.167,0.23,0.229,0.192,0.221,0.229,0.23,0.167,0.196,0.192,0.221,0.105,0.105,2.155,2.168,2.155,2.143",68.0,,,,,,,,
"a,x4","10.9673,0.406007",aflow:f5968902e36b5a35,aflowlib.duke.edu:AFLOWDATA/ICSD_WEB/FCC/Eu2O7Pb2_ICSD_173951,"4,14,4",Eu4O14Pb4,8.36148,-7.28203,-7.28203,22,1.0884,0.0,half-metal,"6.471,6.426,6.471,6.518,-0.364,-0.364,-0.106,-0.099,-0.106,-0.106,-0.095,-0.1,-0.106,-0.106,-0.099,-0.106,-0.095,-0.1,0.006,0.003,0.006,0.008",56.0,,,,,,,,
"a,x4","10.3891,0.833532",aflow:f66fc434b1966cc9,aflowlib.duke.edu:AFLOWDATA/ICSD_WEB/FCC/Bi2O7Rh2_ICSD_161099,"4,14,4",Bi4O14Rh4,8.71659,-5.69159,-5.69159,22,0.0,0.0,metal,"0,0,0,0,0,0,0,0,0,0,0,0,0,0,0,0,0,0,0,0,0,0",72.0,172.622,397.336,0.320155,70.5491,186.271,404.959,2.65083,3.95615e-05
"a,x4","10.2396,0.830824",aflow:f64d5cf500077fc8,aflowlib.duke.edu:AFLOWDATA/ICSD_WEB/FCC/O7Ti2Y2_ICSD_153820,"14,4,4",O14Ti4Y4,4.7713,-8.59561,-8.59561,22,0.0,3.2934,insulator-indirect,"0,0,0,0,0,0,0,0,0,0,0,0,0,0,0,0,0,0,0,0,0,0",56.0,,,,,,,,
"a,x4","10.5271,0.417986",aflow:f6634255ee31913a,aflowlib.duke.edu:AFLOWDATA/ICSD_WEB/FCC/Bi2O7Pt2_ICSD_202346,"4,14,4",Bi4O14Pt4,10.4775,-5.46847,-5.46847,22,0.0,1.0695,insulator-indirect,"0,0,0,0,0,0,0,0,0,0,0,0,0,0,0,0,0,0,0,0,0,0",72.0,,,,,,,,
"a,x4","10.8235,0.363188",aflow:f88ef90cc372ccc8,aflowlib.duke.edu:AFLOWDATA/ICSD_WEB/FCC/La2O7Zr2_ICSD_173795,"4,14,4",La4O14Zr4,5.99538,-8.53523,-8.53523,22,0.0,0.0,metal,"0,0,0,0,0,0,0,0,0,0,0,0,0,0,0,0,0,0,0,0,0,0",56.0,,,,,,,,
"a,x4","10.453,0.817262",aflow:f8d2bb6c95a27044,aflowlib.duke.edu:AFLOWDATA/ICSD_WEB/FCC/Hg2O7Os2_ICSD_159803,"4,14,4",Hg4O14Os4,10.3931,-5.47961,-5.47961,22,0.530222,0.0,metal,"0.048,0.051,0.048,0.046,0.163,0.147,0.183,0.183,0.161,0.178,0.183,0.183,0.147,0.163,0.161,0.178,0.165,0.165,2.194,2.167,2.195,2.219",76.0,,,,,,,,
"a,x4","10.8265,0.363045",aflow:fb2cf5de7bfeafd4,aflowlib.duke.edu:AFLOWDATA/ICSD_WEB/FCC/La2O7Zr2_ICSD_184097,"4,14,4",La4O14Zr4,5.99039,-8.5352,-8.5352,22,0.0,0.0,metal,"0,0,0,0,0,0,0,0,0,0,0,0,0,0,0,0,0,0,0,0,0,0",56.0,,,,,,,,
"a,x4","10.4993,0.830175",aflow:fb5e653ad146f5aa,aflowlib.duke.edu:AFLOWDATA/ICSD_WEB/FCC/Bi2O7Ru2_ICSD_163387,"4,14,4",Bi4O14Ru4,8.40279,-6.13345,-6.13345,22,0.363623,0.0,half-metal,"0.047,0.04,0.047,0.054,0.065,0.057,0.09,0.09,0.072,0.08,0.09,0.09,0.057,0.065,0.072,0.08,0.018,0.018,1.641,1.629,1.639,1.651",80.0,171.556,403.645,0.31662,71.6833,188.759,394.978,6.47422,2.56658e-05
"a,x4","11.0239,0.841285",aflow:fc92c7b33204e2af,aflowlib.duke.edu:AFLOWDATA/ICSD_WEB/FCC/O7Pr2Te2_ICSD_92444,"14,4,4",O14Pr4Te4,6.43549,-6.57051,-6.57051,22,0.363282,0.0,half-metal,"-0.054,-0.054,-0.012,-0.011,-0.012,-0.012,-0.012,-0.011,-0.012,-0.012,-0.011,-0.012,-0.012,-0.011,1.8,2.005,2.213,2.002,0,0,0,0",68.0,,,,,,,,
"a,x4","10.5101,0.817131",aflow:fc5c856b81862ae7,aflowlib.duke.edu:AFLOWDATA/ICSD_WEB/FCC/Cd2Nb2O7_ICSD_75603,"4,4,14",Cd4Nb4O14,5.98023,-6.96766,-6.96766,22,0.0,2.0808,insulator-indirect,"0,0,0,0,0,0,0,0,0,0,0,0,0,0,0,0,0,0,0,0,0,0",56.0,,,,,,,,
"a,x4","10.501,0.419939",aflow:fd36a4e03da909e7,aflowlib.duke.edu:AFLOWDATA/ICSD_WEB/FCC/Bi2O7Ru2_ICSD_78114,"4,14,4",Bi4O14Ru4,8.39871,-6.13347,-6.13347,22,0.363627,0.0,half-metal,"0.054,0.04,0.047,0.047,0.072,0.08,0.057,0.065,0.09,0.09,0.065,0.057,0.08,0.072,0.09,0.09,0.018,0.018,1.651,1.629,1.641,1.639",80.0,,,,,,,,
"a,x4","11.1896,0.424351",aflow:fdb582af48e4bdcf,aflowlib.duke.edu:AFLOWDATA/ICSD_WEB/FCC/F6Hg2Mn2S1_ICSD_27328,"12,4,4,2",F12Hg4Mn4S2,6.23057,-4.745,-4.745,22,0.908771,0.0,metal,"0.034,0.035,0.035,0.035,0.034,0.034,0.035,0.035,0.035,0.034,0.034,0.034,0.005,0.005,0.005,0.005,4.7,4.699,4.699,4.698,0.007,0.007",68.0,,,,,,,,
"a,x4","10.0938,0.826237",aflow:fd865c4494a956af,aflowlib.duke.edu:AFLOWDATA/ICSD_WEB/FCC/Mn2O7Tl2_ICSD_83269,"4,14,4",Mn4O14Tl4,8.14596,-5.97739,-5.97739,22,0.545597,0.0,half-metal,"3.267,3.278,3.278,3.289,0.09,0.09,-0.141,-0.141,-0.139,-0.139,-0.135,-0.135,-0.139,-0.139,-0.141,-0.141,-0.135,-0.135,0.045,0.045,0.045,0.046",68.0,,,,,,,,
"a,x4","10.1688,0.832988",aflow:fe2822c889b909a2,aflowlib.duke.edu:AFLOWDATA/ICSD_WEB/FCC/Er2O7Ti2_ICSD_164022,"4,14,4",Er4O14Ti4,6.85146,-8.27533,-8.27533,22,0.0,3.0986,insulator-indirect,"0,0,0,0,0,0,0,0,0,0,0,0,0,0,0,0,0,0,0,0,0,0",56.0,,,,,,,,
"a,x4","10.3427,0.822017",aflow:fe6cc4a8c4c4aa80,aflowlib.duke.edu:AFLOWDATA/ICSD_WEB/FCC/Cd2O7Os2_ICSD_155768,"4,14,4",Cd4O14Os4,8.61171,-5.83499,-5.83499,22,0.544938,0.0,metal,"0.032,0.032,0.033,0.032,0.167,0.148,0.165,0.184,0.189,0.189,0.184,0.165,0.148,0.167,0.189,0.189,0.121,0.121,2.288,2.289,2.273,2.304",68.0,,,,,,,,
"a,x4","10.2867,0.410086",aflow:ff2f0f54ae83f57a,aflowlib.duke.edu:AFLOWDATA/ICSD_WEB/FCC/Er2O7Tc2_ICSD_109081,"4,14,4",Er4O14Tc4,7.86351,-7.88249,-7.88249,22,0.545477,1.2928,insulator-indirect_spin-polarized,"0.071,0.072,0.071,0.071,0.05,0.062,0.057,0.07,0.071,0.07,0.07,0.057,0.062,0.05,0.071,0.07,0.002,0.002,2.59,2.591,2.591,2.591",68.0,185.906,501.298,0.273255,99.3199,252.919,514.094,5.35573,3.2543e-05
"a,x4","10.2521,0.419675",aflow:fff14b2a55a9b707,aflowlib.duke.edu:AFLOWDATA/ICSD_WEB/FCC/O7Ru2Yb2_ICSD_82306,"14,4,4",O14Ru4Yb4,8.13925,-6.32119,-6.32119,22,0.357385,0.0,metal,"0.134,0.148,0.136,0.123,0.148,0.149,0.123,0.136,0.148,0.134,0.148,0.149,-0.074,-0.074,1.921,1.921,1.894,1.96,-0.42,-0.42,-0.5,-0.338",72.0,,,,,,,,
